Category_ID,Category_Name,Group_ID,Group_Name,Product_ID,Product_Name,Product_Properties,Spec_ID,Spec_Name,Detail_Material,Detail_Size,Detail_Used,Detail_Setup,List_Name
"1","ตู้คอนซูมเมอร์ยูนิต","1","ตู้คอนซูมเมอร์ยูนิต CTM","1","CTM-C","วัสดุเหล็ก + แม่เหล็ก | หนา 1.2 มิลลิเมตร","1","CTM-C4","วัสดุเหล็ก + แม่เหล็ก","235mm x 225mm x 90mm หนา 1.2mm","ติดตั้งและทำงานร่วมกับเบรกเกอร์","ติดตั้งภายในบ้านเรือน หรือหอพัก","4 ช่อง"
"1","ตู้คอนซูมเมอร์ยูนิต","1","ตู้คอนซูมเมอร์ยูนิต CTM","1","CTM-C","วัสดุเหล็ก + แม่เหล็ก | หนา 1.2 มิลลิเมตร","2","CTM-C6","วัสดุเหล็ก + แม่เหล็ก","272mm x 225mm x 90mm หนา 1.2mm","ติดตั้งและทำงานร่วมกับเบรกเกอร์","ติดตั้งภายในบ้านเรือน หรือหอพัก","6 ช่อง"
"1","ตู้คอนซูมเมอร์ยูนิต","1","ตู้คอนซูมเมอร์ยูนิต CTM","1","CTM-C","วัสดุเหล็ก + แม่เหล็ก | หนา 1.2 มิลลิเมตร","3","CTM-C8","วัสดุเหล็ก + แม่เหล็ก","310mm x 225mm x 90mm หนา 1.2mm","ติดตั้งและทำงานร่วมกับเบรกเกอร์","ติดตั้งภายในบ้านเรือน หรือหอพัก","8 ช่อง"
"1","ตู้คอนซูมเมอร์ยูนิต","1","ตู้คอนซูมเมอร์ยูนิต CTM","1","CTM-C","วัสดุเหล็ก + แม่เหล็ก | หนา 1.2 มิลลิเมตร","4","CTM-C10","วัสดุเหล็ก + แม่เหล็ก","350mm x 225mm x 90mm หนา 1.2mm","ติดตั้งและทำงานร่วมกับเบรกเกอร์","ติดตั้งภายในบ้านเรือน หรือหอพัก","10 ช่อง"
"1","ตู้คอนซูมเมอร์ยูนิต","1","ตู้คอนซูมเมอร์ยูนิต CTM","2","CTM-R","วัสดุเหล็ก + แม่เหล็ก | หนา 1.2 มิลลิเมตร","1","CTM-R4","วัสดุเหล็ก + แม่เหล็ก","273mm x 225mm x 90mm หนา 1.2mm","ติดตั้งและทำงานร่วมกับเบรกเกอร์","ติดตั้งภายในบ้านเรือน หรือหอพัก","4 ช่อง"
"1","ตู้คอนซูมเมอร์ยูนิต","1","ตู้คอนซูมเมอร์ยูนิต CTM","2","CTM-R","วัสดุเหล็ก + แม่เหล็ก | หนา 1.2 มิลลิเมตร","2","CTM-R6","วัสดุเหล็ก + แม่เหล็ก","309mm x 225mm x 90mm หนา 1.2mm","ติดตั้งและทำงานร่วมกับเบรกเกอร์","ติดตั้งภายในบ้านเรือน หรือหอพัก","6 ช่อง"
"1","ตู้คอนซูมเมอร์ยูนิต","1","ตู้คอนซูมเมอร์ยูนิต CTM","2","CTM-R","วัสดุเหล็ก + แม่เหล็ก | หนา 1.2 มิลลิเมตร","3","CTM-R8","วัสดุเหล็ก + แม่เหล็ก","345mm x 225mm x 90mm หนา 1.2mm","ติดตั้งและทำงานร่วมกับเบรกเกอร์","ติดตั้งภายในบ้านเรือน หรือหอพัก","8 ช่อง"
"1","ตู้คอนซูมเมอร์ยูนิต","1","ตู้คอนซูมเมอร์ยูนิต CTM","2","CTM-R","วัสดุเหล็ก + แม่เหล็ก | หนา 1.2 มิลลิเมตร","4","CTM-R10","วัสดุเหล็ก + แม่เหล็ก","380mm x 225mm x 90mm หนา 1.2mm","ติดตั้งและทำงานร่วมกับเบรกเกอร์","ติดตั้งภายในบ้านเรือน หรือหอพัก","10 ช่อง"
"1","ตู้คอนซูมเมอร์ยูนิต","2","ตู้คอนซูมเมอร์ยูนิต CHONG","1","CHONG","วัสดุ ABS + เหล็ก | หนา 0.8 มิลลิเมตร","1","CHONG-2","วัสดุ ABS + เหล็ก","150mm x 210mm x 90mm หนา 0.8mm","ติดตั้งและทำงานร่วมกับเบรกเกอร์","ติดตั้งภายในบ้านเรือน หรือหอพัก","2 ช่อง"
"1","ตู้คอนซูมเมอร์ยูนิต","2","ตู้คอนซูมเมอร์ยูนิต CHONG","1","CHONG","วัสดุ ABS + เหล็ก | หนา 0.8 มิลลิเมตร","2","CHONG-4","วัสดุ ABS + เหล็ก","200mm x 210mm x 90mm หนา 0.8mm","ติดตั้งและทำงานร่วมกับเบรกเกอร์","ติดตั้งภายในบ้านเรือน หรือหอพัก","4 ช่อง"
"1","ตู้คอนซูมเมอร์ยูนิต","2","ตู้คอนซูมเมอร์ยูนิต CHONG","1","CHONG","วัสดุ ABS + เหล็ก | หนา 0.8 มิลลิเมตร","3","CHONG-6","วัสดุ ABS + เหล็ก","230mm x 210mm x 90mm หนา 0.8mm","ติดตั้งและทำงานร่วมกับเบรกเกอร์","ติดตั้งภายในบ้านเรือน หรือหอพัก","6 ช่อง"
"1","ตู้คอนซูมเมอร์ยูนิต","2","ตู้คอนซูมเมอร์ยูนิต CHONG","1","CHONG","วัสดุ ABS + เหล็ก | หนา 0.8 มิลลิเมตร","4","CHONG-8","วัสดุ ABS + เหล็ก","270mm x 210mm x 90mm หนา 0.8mm","ติดตั้งและทำงานร่วมกับเบรกเกอร์","ติดตั้งภายในบ้านเรือน หรือหอพัก","8 ช่อง"
"1","ตู้คอนซูมเมอร์ยูนิต","2","ตู้คอนซูมเมอร์ยูนิต CHONG","1","CHONG","วัสดุ ABS + เหล็ก | หนา 0.8 มิลลิเมตร","5","CHONG-10","วัสดุ ABS + เหล็ก","310mm x 210mm x 90mm หนา 0.8mm","ติดตั้งและทำงานร่วมกับเบรกเกอร์","ติดตั้งภายในบ้านเรือน หรือหอพัก","10 ช่อง"
"1","ตู้คอนซูมเมอร์ยูนิต","2","ตู้คอนซูมเมอร์ยูนิต CHONG","2","CHONG-LE","วัสดุ ABS + เหล็ก | หนา 0.8 มิลลิเมตร | กันไฟดูด","1","CHONG-2LE","วัสดุ ABS + เหล็ก","150mm x 210mm x 90mm หนา 0.8mm","ติดตั้งและทำงานร่วมกับเบรกเกอร์","ติดตั้งภายในบ้านเรือน หรือหอพัก","2 ช่อง"
"1","ตู้คอนซูมเมอร์ยูนิต","2","ตู้คอนซูมเมอร์ยูนิต CHONG","2","CHONG-LE","วัสดุ ABS + เหล็ก | หนา 0.8 มิลลิเมตร | กันไฟดูด","2","CHONG-4LE","วัสดุ ABS + เหล็ก","200mm x 210mm x 90mm หนา 0.8mm","ติดตั้งและทำงานร่วมกับเบรกเกอร์","ติดตั้งภายในบ้านเรือน หรือหอพัก","4 ช่อง"
"1","ตู้คอนซูมเมอร์ยูนิต","2","ตู้คอนซูมเมอร์ยูนิต CHONG","2","CHONG-LE","วัสดุ ABS + เหล็ก | หนา 0.8 มิลลิเมตร | กันไฟดูด","3","CHONG-6LE","วัสดุ ABS + เหล็ก","230mm x 210mm x 90mm หนา 0.8mm","ติดตั้งและทำงานร่วมกับเบรกเกอร์","ติดตั้งภายในบ้านเรือน หรือหอพัก","6 ช่อง"
"1","ตู้คอนซูมเมอร์ยูนิต","2","ตู้คอนซูมเมอร์ยูนิต CHONG","2","CHONG-LE","วัสดุ ABS + เหล็ก | หนา 0.8 มิลลิเมตร | กันไฟดูด","4","CHONG-8LE","วัสดุ ABS + เหล็ก","270mm x 210mm x 90mm หนา 0.8mm","ติดตั้งและทำงานร่วมกับเบรกเกอร์","ติดตั้งภายในบ้านเรือน หรือหอพัก","8 ช่อง"
"1","ตู้คอนซูมเมอร์ยูนิต","2","ตู้คอนซูมเมอร์ยูนิต CHONG","2","CHONG-LE","วัสดุ ABS + เหล็ก | หนา 0.8 มิลลิเมตร | กันไฟดูด","5","CHONG-10LE","วัสดุ ABS + เหล็ก","310mm x 210mm x 90mm หนา 0.8mm","ติดตั้งและทำงานร่วมกับเบรกเกอร์","ติดตั้งภายในบ้านเรือน หรือหอพัก","10 ช่อง"
"1","ตู้คอนซูมเมอร์ยูนิต","2","ตู้คอนซูมเมอร์ยูนิต CHONG","3","CHONG-SPDLE","วัสดุ ABS + เหล็ก | หนา 0.8 มิลลิเมตร | กันไฟดูด + กันฟ้าผ่า","1","CHONG-4R 1SPD","วัสดุ ABS + เหล็ก","200mm x 210mm x 90mm หนา 0.8mm","ติดตั้งและทำงานร่วมกับเบรกเกอร์","ติดตั้งภายในบ้านเรือน หรือหอพัก","4 ช่อง"
"1","ตู้คอนซูมเมอร์ยูนิต","2","ตู้คอนซูมเมอร์ยูนิต CHONG","3","CHONG-SPDLE","วัสดุ ABS + เหล็ก | หนา 0.8 มิลลิเมตร | กันไฟดูด + กันฟ้าผ่า","2","CHONG-6R 1SPD","วัสดุ ABS + เหล็ก","230mm x 210mm x 90mm หนา 0.8mm","ติดตั้งและทำงานร่วมกับเบรกเกอร์","ติดตั้งภายในบ้านเรือน หรือหอพัก","6 ช่อง"
"1","ตู้คอนซูมเมอร์ยูนิต","2","ตู้คอนซูมเมอร์ยูนิต CHONG","3","CHONG-SPDLE","วัสดุ ABS + เหล็ก | หนา 0.8 มิลลิเมตร | กันไฟดูด + กันฟ้าผ่า","3","CHONG-8R 1SPD","วัสดุ ABS + เหล็ก","270mm x 210mm x 90mm หนา 0.8mm","ติดตั้งและทำงานร่วมกับเบรกเกอร์","ติดตั้งภายในบ้านเรือน หรือหอพัก","8 ช่อง"
"1","ตู้คอนซูมเมอร์ยูนิต","2","ตู้คอนซูมเมอร์ยูนิต CHONG","3","CHONG-SPDLE","วัสดุ ABS + เหล็ก | หนา 0.8 มิลลิเมตร | กันไฟดูด + กันฟ้าผ่า","4","CHONG-10R 1SPD","วัสดุ ABS + เหล็ก","310mm x 210mm x 90mm หนา 0.8mm","ติดตั้งและทำงานร่วมกับเบรกเกอร์","ติดตั้งภายในบ้านเรือน หรือหอพัก","10 ช่อง"
"1","ตู้คอนซูมเมอร์ยูนิต","2","ตู้คอนซูมเมอร์ยูนิต CHONG","3","CHONG-SPDLE","วัสดุ ABS + เหล็ก | หนา 0.8 มิลลิเมตร | กันไฟดูด + กันฟ้าผ่า","5","CHONG-4R 2SPD","วัสดุ ABS + เหล็ก","200mm x 210mm x 90mm หนา 0.8mm","ติดตั้งและทำงานร่วมกับเบรกเกอร์","ติดตั้งภายในบ้านเรือน หรือหอพัก","4 ช่อง"
"1","ตู้คอนซูมเมอร์ยูนิต","2","ตู้คอนซูมเมอร์ยูนิต CHONG","3","CHONG-SPDLE","วัสดุ ABS + เหล็ก | หนา 0.8 มิลลิเมตร | กันไฟดูด + กันฟ้าผ่า","6","CHONG-6R 2SPD","วัสดุ ABS + เหล็ก","230mm x 210mm x 90mm หนา 0.8mm","ติดตั้งและทำงานร่วมกับเบรกเกอร์","ติดตั้งภายในบ้านเรือน หรือหอพัก","6 ช่อง"
"1","ตู้คอนซูมเมอร์ยูนิต","2","ตู้คอนซูมเมอร์ยูนิต CHONG","3","CHONG-SPDLE","วัสดุ ABS + เหล็ก | หนา 0.8 มิลลิเมตร | กันไฟดูด + กันฟ้าผ่า","7","CHONG-8R 2SPD","วัสดุ ABS + เหล็ก","270mm x 210mm x 90mm หนา 0.8mm","ติดตั้งและทำงานร่วมกับเบรกเกอร์","ติดตั้งภายในบ้านเรือน หรือหอพัก","8 ช่อง"
"1","ตู้คอนซูมเมอร์ยูนิต","2","ตู้คอนซูมเมอร์ยูนิต CHONG","3","CHONG-SPDLE","วัสดุ ABS + เหล็ก | หนา 0.8 มิลลิเมตร | กันไฟดูด + กันฟ้าผ่า","8","CHONG-10R 2SPD","วัสดุ ABS + เหล็ก","310mm x 210mm x 90mm หนา 0.8mm","ติดตั้งและทำงานร่วมกับเบรกเกอร์","ติดตั้งภายในบ้านเรือน หรือหอพัก","10 ช่อง"
"1","ตู้คอนซูมเมอร์ยูนิต","3","ตู้คอนซูมเมอร์ยูนิต CTU","1","CTU-C","วัสดุ PC + เหล็ก | หนา 0.8 มิลลิเมตร | ไม่ลามไฟ","1","CTU-C2","วัสดุ PC + เหล็ก","150mm x 210mm x 90mm หนา 0.8mm","ติดตั้งและทำงานร่วมกับเบรกเกอร์","ติดตั้งภายในบ้านเรือน หรือหอพัก","2 ช่อง"
"1","ตู้คอนซูมเมอร์ยูนิต","3","ตู้คอนซูมเมอร์ยูนิต CTU","1","CTU-C","วัสดุ PC + เหล็ก | หนา 0.8 มิลลิเมตร | ไม่ลามไฟ","2","CTU-C4","วัสดุ PC + เหล็ก","200mm x 210mm x 90mm หนา 0.8mm","ติดตั้งและทำงานร่วมกับเบรกเกอร์","ติดตั้งภายในบ้านเรือน หรือหอพัก","4 ช่อง"
"1","ตู้คอนซูมเมอร์ยูนิต","3","ตู้คอนซูมเมอร์ยูนิต CTU","1","CTU-C","วัสดุ PC + เหล็ก | หนา 0.8 มิลลิเมตร | ไม่ลามไฟ","3","CTU-C6","วัสดุ PC + เหล็ก","230mm x 210mm x 90mm หนา 0.8mm","ติดตั้งและทำงานร่วมกับเบรกเกอร์","ติดตั้งภายในบ้านเรือน หรือหอพัก","6 ช่อง"
"1","ตู้คอนซูมเมอร์ยูนิต","3","ตู้คอนซูมเมอร์ยูนิต CTU","1","CTU-C","วัสดุ PC + เหล็ก | หนา 0.8 มิลลิเมตร | ไม่ลามไฟ","4","CTU-C8","วัสดุ PC + เหล็ก","270mm x 210mm x 90mm หนา 0.8mm","ติดตั้งและทำงานร่วมกับเบรกเกอร์","ติดตั้งภายในบ้านเรือน หรือหอพัก","8 ช่อง"
"1","ตู้คอนซูมเมอร์ยูนิต","3","ตู้คอนซูมเมอร์ยูนิต CTU","1","CTU-C","วัสดุ PC + เหล็ก | หนา 0.8 มิลลิเมตร | ไม่ลามไฟ","5","CTU-C10","วัสดุ PC + เหล็ก","310mm x 210mm x 90mm หนา 0.8mm","ติดตั้งและทำงานร่วมกับเบรกเกอร์","ติดตั้งภายในบ้านเรือน หรือหอพัก","10 ช่อง"
"1","ตู้คอนซูมเมอร์ยูนิต","3","ตู้คอนซูมเมอร์ยูนิต CTU","2","CTU-R","วัสดุ PC + เหล็ก | หนา 0.8 มิลลิเมตร | ไม่ลามไฟ | กันไฟดูด","1","CTU-R2","วัสดุ PC + เหล็ก","150mm x 210mm x 90mm หนา 0.8mm","ติดตั้งและทำงานร่วมกับเบรกเกอร์","ติดตั้งภายในบ้านเรือน หรือหอพัก","2 ช่อง"
"1","ตู้คอนซูมเมอร์ยูนิต","3","ตู้คอนซูมเมอร์ยูนิต CTU","2","CTU-R","วัสดุ PC + เหล็ก | หนา 0.8 มิลลิเมตร | ไม่ลามไฟ | กันไฟดูด","2","CTU-R4","วัสดุ PC + เหล็ก","200mm x 210mm x 90mm หนา 0.8mm","ติดตั้งและทำงานร่วมกับเบรกเกอร์","ติดตั้งภายในบ้านเรือน หรือหอพัก","4 ช่อง"
"1","ตู้คอนซูมเมอร์ยูนิต","3","ตู้คอนซูมเมอร์ยูนิต CTU","2","CTU-R","วัสดุ PC + เหล็ก | หนา 0.8 มิลลิเมตร | ไม่ลามไฟ | กันไฟดูด","3","CTU-R6","วัสดุ PC + เหล็ก","230mm x 210mm x 90mm หนา 0.8mm","ติดตั้งและทำงานร่วมกับเบรกเกอร์","ติดตั้งภายในบ้านเรือน หรือหอพัก","6 ช่อง"
"1","ตู้คอนซูมเมอร์ยูนิต","3","ตู้คอนซูมเมอร์ยูนิต CTU","2","CTU-R","วัสดุ PC + เหล็ก | หนา 0.8 มิลลิเมตร | ไม่ลามไฟ | กันไฟดูด","4","CTU-R8","วัสดุ PC + เหล็ก","270mm x 210mm x 90mm หนา 0.8mm","ติดตั้งและทำงานร่วมกับเบรกเกอร์","ติดตั้งภายในบ้านเรือน หรือหอพัก","8 ช่อง"
"1","ตู้คอนซูมเมอร์ยูนิต","3","ตู้คอนซูมเมอร์ยูนิต CTU","2","CTU-R","วัสดุ PC + เหล็ก | หนา 0.8 มิลลิเมตร | ไม่ลามไฟ | กันไฟดูด","5","CTU-R10","วัสดุ PC + เหล็ก","310mm x 210mm x 90mm หนา 0.8mm","ติดตั้งและทำงานร่วมกับเบรกเกอร์","ติดตั้งภายในบ้านเรือน หรือหอพัก","10 ช่อง"
"1","ตู้คอนซูมเมอร์ยูนิต","3","ตู้คอนซูมเมอร์ยูนิต CTU","3","CTU-SPDLE","วัสดุ PC + เหล็ก | หนา 0.8 มิลลิเมตร | ไม่ลามไฟ | กันไฟดูด + กันฟ้าผ่า","1","CTU-R4 1SPD","วัสดุ PC + เหล็ก","200mm x 210mm x 90mm หนา 0.8mm","ติดตั้งและทำงานร่วมกับเบรกเกอร์","ติดตั้งภายในบ้านเรือน หรือหอพัก","4 ช่อง"
"1","ตู้คอนซูมเมอร์ยูนิต","3","ตู้คอนซูมเมอร์ยูนิต CTU","3","CTU-SPDLE","วัสดุ PC + เหล็ก | หนา 0.8 มิลลิเมตร | ไม่ลามไฟ | กันไฟดูด + กันฟ้าผ่า","2","CTU-R6 1SPD","วัสดุ PC + เหล็ก","230mm x 210mm x 90mm หนา 0.8mm","ติดตั้งและทำงานร่วมกับเบรกเกอร์","ติดตั้งภายในบ้านเรือน หรือหอพัก","6 ช่อง"
"1","ตู้คอนซูมเมอร์ยูนิต","3","ตู้คอนซูมเมอร์ยูนิต CTU","3","CTU-SPDLE","วัสดุ PC + เหล็ก | หนา 0.8 มิลลิเมตร | ไม่ลามไฟ | กันไฟดูด + กันฟ้าผ่า","3","CTU-R8 1SPD","วัสดุ PC + เหล็ก","270mm x 210mm x 90mm หนา 0.8mm","ติดตั้งและทำงานร่วมกับเบรกเกอร์","ติดตั้งภายในบ้านเรือน หรือหอพัก","8 ช่อง"
"1","ตู้คอนซูมเมอร์ยูนิต","3","ตู้คอนซูมเมอร์ยูนิต CTU","3","CTU-SPDLE","วัสดุ PC + เหล็ก | หนา 0.8 มิลลิเมตร | ไม่ลามไฟ | กันไฟดูด + กันฟ้าผ่า","4","CTU-R10 1SPD","วัสดุ PC + เหล็ก","310mm x 210mm x 90mm หนา 0.8mm","ติดตั้งและทำงานร่วมกับเบรกเกอร์","ติดตั้งภายในบ้านเรือน หรือหอพัก","10 ช่อง"
"1","ตู้คอนซูมเมอร์ยูนิต","3","ตู้คอนซูมเมอร์ยูนิต CTU","3","CTU-SPDLE","วัสดุ PC + เหล็ก | หนา 0.8 มิลลิเมตร | ไม่ลามไฟ | กันไฟดูด + กันฟ้าผ่า","5","CTU-R4 2SPD","วัสดุ PC + เหล็ก","200mm x 210mm x 90mm หนา 0.8mm","ติดตั้งและทำงานร่วมกับเบรกเกอร์","ติดตั้งภายในบ้านเรือน หรือหอพัก","4 ช่อง"
"1","ตู้คอนซูมเมอร์ยูนิต","3","ตู้คอนซูมเมอร์ยูนิต CTU","3","CTU-SPDLE","วัสดุ PC + เหล็ก | หนา 0.8 มิลลิเมตร | ไม่ลามไฟ | กันไฟดูด + กันฟ้าผ่า","6","CTU-R6 2SPD","วัสดุ PC + เหล็ก","230mm x 210mm x 90mm หนา 0.8mm","ติดตั้งและทำงานร่วมกับเบรกเกอร์","ติดตั้งภายในบ้านเรือน หรือหอพัก","6 ช่อง"
"1","ตู้คอนซูมเมอร์ยูนิต","3","ตู้คอนซูมเมอร์ยูนิต CTU","3","CTU-SPDLE","วัสดุ PC + เหล็ก | หนา 0.8 มิลลิเมตร | ไม่ลามไฟ | กันไฟดูด + กันฟ้าผ่า","7","CTU-R8 2SPD","วัสดุ PC + เหล็ก","270mm x 210mm x 90mm หนา 0.8mm","ติดตั้งและทำงานร่วมกับเบรกเกอร์","ติดตั้งภายในบ้านเรือน หรือหอพัก","8 ช่อง"
"1","ตู้คอนซูมเมอร์ยูนิต","3","ตู้คอนซูมเมอร์ยูนิต CTU","3","CTU-SPDLE","วัสดุ PC + เหล็ก | หนา 0.8 มิลลิเมตร | ไม่ลามไฟ | กันไฟดูด + กันฟ้าผ่า","8","CTU-R10 2SPD","วัสดุ PC + เหล็ก","310mm x 210mm x 90mm หนา 0.8mm","ติดตั้งและทำงานร่วมกับเบรกเกอร์","ติดตั้งภายในบ้านเรือน หรือหอพัก","10 ช่อง"
"1","ตู้คอนซูมเมอร์ยูนิต","4","ตู้คอนซูมเมอร์ยูนิต CTI","1","CTI-C","วัสดุเหล็ก | หนา 1.0 มิลลิเมตร","1","CTI-C4","วัสดุเหล็ก","206mm x 215mm x 90mm หนา 1.0mm","ติดตั้งและทำงานร่วมกับเบรกเกอร์","ติดตั้งภายในบ้านเรือน หรือหอพัก","4 ช่อง"
"1","ตู้คอนซูมเมอร์ยูนิต","4","ตู้คอนซูมเมอร์ยูนิต CTI","1","CTI-C","วัสดุเหล็ก | หนา 1.0 มิลลิเมตร","2","CTI-C6","วัสดุเหล็ก","240mm x 215mm x 90mm หนา 1.0mm","ติดตั้งและทำงานร่วมกับเบรกเกอร์","ติดตั้งภายในบ้านเรือน หรือหอพัก","6 ช่อง"
"1","ตู้คอนซูมเมอร์ยูนิต","4","ตู้คอนซูมเมอร์ยูนิต CTI","1","CTI-C","วัสดุเหล็ก | หนา 1.0 มิลลิเมตร","3","CTI-C8","วัสดุเหล็ก","275mm x 215mm x 90mm หนา 1.0mm","ติดตั้งและทำงานร่วมกับเบรกเกอร์","ติดตั้งภายในบ้านเรือน หรือหอพัก","8 ช่อง"
"1","ตู้คอนซูมเมอร์ยูนิต","4","ตู้คอนซูมเมอร์ยูนิต CTI","1","CTI-C","วัสดุเหล็ก | หนา 1.0 มิลลิเมตร","4","CTI-C10","วัสดุเหล็ก","310mm x 215mm x 90mm หนา 1.0mm","ติดตั้งและทำงานร่วมกับเบรกเกอร์","ติดตั้งภายในบ้านเรือน หรือหอพัก","10 ช่อง"
"1","ตู้คอนซูมเมอร์ยูนิต","4","ตู้คอนซูมเมอร์ยูนิต CTI","1","CTI-C","วัสดุเหล็ก | หนา 1.0 มิลลิเมตร","5","CTI-C12","วัสดุเหล็ก","345mm x 215mm x 90mm หนา 1.0mm","ติดตั้งและทำงานร่วมกับเบรกเกอร์","ติดตั้งภายในบ้านเรือน หรือหอพัก","12 ช่อง"
"1","ตู้คอนซูมเมอร์ยูนิต","4","ตู้คอนซูมเมอร์ยูนิต CTI","2","CTI-R","วัสดุเหล็ก | หนา 1.0 มิลลิเมตร | กันไฟดูด","1","CTI-R4","วัสดุเหล็ก","206mm x 215mm x 90mm หนา 1.0mm","ติดตั้งและทำงานร่วมกับเบรกเกอร์","ติดตั้งภายในบ้านเรือน หรือหอพัก","4 ช่อง"
"1","ตู้คอนซูมเมอร์ยูนิต","4","ตู้คอนซูมเมอร์ยูนิต CTI","2","CTI-R","วัสดุเหล็ก | หนา 1.0 มิลลิเมตร | กันไฟดูด","2","CTI-R6","วัสดุเหล็ก","240mm x 215mm x 90mm หนา 1.0mm","ติดตั้งและทำงานร่วมกับเบรกเกอร์","ติดตั้งภายในบ้านเรือน หรือหอพัก","6 ช่อง"
"1","ตู้คอนซูมเมอร์ยูนิต","4","ตู้คอนซูมเมอร์ยูนิต CTI","2","CTI-R","วัสดุเหล็ก | หนา 1.0 มิลลิเมตร | กันไฟดูด","3","CTI-R8","วัสดุเหล็ก","275mm x 215mm x 90mm หนา 1.0mm","ติดตั้งและทำงานร่วมกับเบรกเกอร์","ติดตั้งภายในบ้านเรือน หรือหอพัก","8 ช่อง"
"1","ตู้คอนซูมเมอร์ยูนิต","4","ตู้คอนซูมเมอร์ยูนิต CTI","2","CTI-R","วัสดุเหล็ก | หนา 1.0 มิลลิเมตร | กันไฟดูด","4","CTI-R10","วัสดุเหล็ก","310mm x 215mm x 90mm หนา 1.0mm","ติดตั้งและทำงานร่วมกับเบรกเกอร์","ติดตั้งภายในบ้านเรือน หรือหอพัก","10 ช่อง"
"1","ตู้คอนซูมเมอร์ยูนิต","4","ตู้คอนซูมเมอร์ยูนิต CTI","2","CTI-R","วัสดุเหล็ก | หนา 1.0 มิลลิเมตร | กันไฟดูด","5","CTI-R12","วัสดุเหล็ก","345mm x 215mm x 90mm หนา 1.0mm","ติดตั้งและทำงานร่วมกับเบรกเกอร์","ติดตั้งภายในบ้านเรือน หรือหอพัก","12 ช่อง"
"1","ตู้คอนซูมเมอร์ยูนิต","4","ตู้คอนซูมเมอร์ยูนิต CTI","3","CTI-SPDLE","วัสดุเหล็ก | หนา 1.0 มิลลิเมตร | กันไฟดูด + กันฟ้าผ่า","1","CTI-R4 1SPDLE","วัสดุเหล็ก","206mm x 215mm x 90mm หนา 1.0mm","ติดตั้งและทำงานร่วมกับเบรกเกอร์","ติดตั้งภายในบ้านเรือน หรือหอพัก","4 ช่อง"
"1","ตู้คอนซูมเมอร์ยูนิต","4","ตู้คอนซูมเมอร์ยูนิต CTI","3","CTI-SPDLE","วัสดุเหล็ก | หนา 1.0 มิลลิเมตร | กันไฟดูด + กันฟ้าผ่า","2","CTI-R6 1SPDLE","วัสดุเหล็ก","240mm x 215mm x 90mm หนา 1.0mm","ติดตั้งและทำงานร่วมกับเบรกเกอร์","ติดตั้งภายในบ้านเรือน หรือหอพัก","6 ช่อง"
"1","ตู้คอนซูมเมอร์ยูนิต","4","ตู้คอนซูมเมอร์ยูนิต CTI","3","CTI-SPDLE","วัสดุเหล็ก | หนา 1.0 มิลลิเมตร | กันไฟดูด + กันฟ้าผ่า","3","CTI-R8 1SPDLE","วัสดุเหล็ก","275mm x 215mm x 90mm หนา 1.0mm","ติดตั้งและทำงานร่วมกับเบรกเกอร์","ติดตั้งภายในบ้านเรือน หรือหอพัก","8 ช่อง"
"1","ตู้คอนซูมเมอร์ยูนิต","4","ตู้คอนซูมเมอร์ยูนิต CTI","3","CTI-SPDLE","วัสดุเหล็ก | หนา 1.0 มิลลิเมตร | กันไฟดูด + กันฟ้าผ่า","4","CTI-R10 1SPDLE","วัสดุเหล็ก","310mm x 215mm x 90mm หนา 1.0mm","ติดตั้งและทำงานร่วมกับเบรกเกอร์","ติดตั้งภายในบ้านเรือน หรือหอพัก","10 ช่อง"
"1","ตู้คอนซูมเมอร์ยูนิต","4","ตู้คอนซูมเมอร์ยูนิต CTI","3","CTI-SPDLE","วัสดุเหล็ก | หนา 1.0 มิลลิเมตร | กันไฟดูด + กันฟ้าผ่า","5","CTI-R12 1SPDLE","วัสดุเหล็ก","345mm x 215mm x 90mm หนา 1.0mm","ติดตั้งและทำงานร่วมกับเบรกเกอร์","ติดตั้งภายในบ้านเรือน หรือหอพัก","12 ช่อง"
"1","ตู้คอนซูมเมอร์ยูนิต","4","ตู้คอนซูมเมอร์ยูนิต CTI","3","CTI-SPDLE","วัสดุเหล็ก | หนา 1.0 มิลลิเมตร | กันไฟดูด + กันฟ้าผ่า","6","CTI-R4 2SPDLE","วัสดุเหล็ก","206mm x 215mm x 90mm หนา 1.0mm","ติดตั้งและทำงานร่วมกับเบรกเกอร์","ติดตั้งภายในบ้านเรือน หรือหอพัก","4 ช่อง"
"1","ตู้คอนซูมเมอร์ยูนิต","4","ตู้คอนซูมเมอร์ยูนิต CTI","3","CTI-SPDLE","วัสดุเหล็ก | หนา 1.0 มิลลิเมตร | กันไฟดูด + กันฟ้าผ่า","7","CTI-R6 2SPDLE","วัสดุเหล็ก","240mm x 215mm x 90mm หนา 1.0mm","ติดตั้งและทำงานร่วมกับเบรกเกอร์","ติดตั้งภายในบ้านเรือน หรือหอพัก","6 ช่อง"
"1","ตู้คอนซูมเมอร์ยูนิต","4","ตู้คอนซูมเมอร์ยูนิต CTI","3","CTI-SPDLE","วัสดุเหล็ก | หนา 1.0 มิลลิเมตร | กันไฟดูด + กันฟ้าผ่า","8","CTI-R8 2SPDLE","วัสดุเหล็ก","275mm x 215mm x 90mm หนา 1.0mm","ติดตั้งและทำงานร่วมกับเบรกเกอร์","ติดตั้งภายในบ้านเรือน หรือหอพัก","8 ช่อง"
"1","ตู้คอนซูมเมอร์ยูนิต","4","ตู้คอนซูมเมอร์ยูนิต CTI","3","CTI-SPDLE","วัสดุเหล็ก | หนา 1.0 มิลลิเมตร | กันไฟดูด + กันฟ้าผ่า","9","CTI-R10 2SPDLE","วัสดุเหล็ก","310mm x 215mm x 90mm หนา 1.0mm","ติดตั้งและทำงานร่วมกับเบรกเกอร์","ติดตั้งภายในบ้านเรือน หรือหอพัก","10 ช่อง"
"1","ตู้คอนซูมเมอร์ยูนิต","4","ตู้คอนซูมเมอร์ยูนิต CTI","3","CTI-SPDLE","วัสดุเหล็ก | หนา 1.0 มิลลิเมตร | กันไฟดูด + กันฟ้าผ่า","10","CTI-R12 2SPDLE","วัสดุเหล็ก","345mm x 215mm x 90mm หนา 1.0mm","ติดตั้งและทำงานร่วมกับเบรกเกอร์","ติดตั้งภายในบ้านเรือน หรือหอพัก","12 ช่อง"
"2","ตู้โหลดเซนเตอร์","1","ตู้โหลดเซนเตอร์ CT","1","ธรรมดา","วัสดุเหล็ก | หนา 1.2 มิลลิเมตร","1","CT Load Center 12","วัสดุเหล็ก","360mm x 130mm x 540mm หนา 1.2mm","ติดตั้งและทำงานร่วมกับเบรกเกอร์","ติดตั้งภายในบ้านเรือน หรือหอพัก","12 ช่อง"
"2","ตู้โหลดเซนเตอร์","1","ตู้โหลดเซนเตอร์ CT","1","ธรรมดา","วัสดุเหล็ก | หนา 1.2 มิลลิเมตร","2","CT Load Center 18","วัสดุเหล็ก","360mm x 130mm x 600mm หนา 1.2mm","ติดตั้งและทำงานร่วมกับเบรกเกอร์","ติดตั้งภายในบ้านเรือน หรือหอพัก","18 ช่อง"
"2","ตู้โหลดเซนเตอร์","1","ตู้โหลดเซนเตอร์ CT","1","ธรรมดา","วัสดุเหล็ก | หนา 1.2 มิลลิเมตร","3","CT Load Center 24","วัสดุเหล็ก","360mm x 130mm x 660mm หนา 1.2mm","ติดตั้งและทำงานร่วมกับเบรกเกอร์","ติดตั้งภายในบ้านเรือน หรือหอพัก","24 ช่อง"
"2","ตู้โหลดเซนเตอร์","1","ตู้โหลดเซนเตอร์ CT","1","ธรรมดา","วัสดุเหล็ก | หนา 1.2 มิลลิเมตร","4","CT Load Center 30","วัสดุเหล็ก","360mm x 130mm x 710mm หนา 1.2mm","ติดตั้งและทำงานร่วมกับเบรกเกอร์","ติดตั้งภายในบ้านเรือน หรือหอพัก","30 ช่อง"
"2","ตู้โหลดเซนเตอร์","1","ตู้โหลดเซนเตอร์ CT","1","ธรรมดา","วัสดุเหล็ก | หนา 1.2 มิลลิเมตร","5","CT Load Center 36","วัสดุเหล็ก","360mm x 130mm x 770mm หนา 1.2mm","ติดตั้งและทำงานร่วมกับเบรกเกอร์","ติดตั้งภายในบ้านเรือน หรือหอพัก","36 ช่อง"
"2","ตู้โหลดเซนเตอร์","1","ตู้โหลดเซนเตอร์ CT","1","ธรรมดา","วัสดุเหล็ก | หนา 1.2 มิลลิเมตร","6","CT Load Center 42","วัสดุเหล็ก","360mm x 130mm x 770mm หนา 1.2mm","ติดตั้งและทำงานร่วมกับเบรกเกอร์","ติดตั้งภายในบ้านเรือน หรือหอพัก","42 ช่อง"
"2","ตู้โหลดเซนเตอร์","1","ตู้โหลดเซนเตอร์ CT","2","RCBO (กันดูด)","วัสดุเหล็ก | หนา 1.2 มิลลิเมตร | กันไฟดูด","1","CT Load Center 12","วัสดุเหล็ก","360mm x 130mm x 540mm หนา 1.2mm","ติดตั้งและทำงานร่วมกับเบรกเกอร์","ติดตั้งภายในบ้านเรือน หรือหอพัก","12 ช่อง"
"2","ตู้โหลดเซนเตอร์","1","ตู้โหลดเซนเตอร์ CT","2","RCBO (กันดูด)","วัสดุเหล็ก | หนา 1.2 มิลลิเมตร | กันไฟดูด","2","CT Load Center 18","วัสดุเหล็ก","360mm x 130mm x 600mm หนา 1.2mm","ติดตั้งและทำงานร่วมกับเบรกเกอร์","ติดตั้งภายในบ้านเรือน หรือหอพัก","18 ช่อง"
"2","ตู้โหลดเซนเตอร์","1","ตู้โหลดเซนเตอร์ CT","2","RCBO (กันดูด)","วัสดุเหล็ก | หนา 1.2 มิลลิเมตร | กันไฟดูด","3","CT Load Center 24","วัสดุเหล็ก","360mm x 130mm x 660mm หนา 1.2mm","ติดตั้งและทำงานร่วมกับเบรกเกอร์","ติดตั้งภายในบ้านเรือน หรือหอพัก","24 ช่อง"
"2","ตู้โหลดเซนเตอร์","1","ตู้โหลดเซนเตอร์ CT","2","RCBO (กันดูด)","วัสดุเหล็ก | หนา 1.2 มิลลิเมตร | กันไฟดูด","4","CT Load Center 30","วัสดุเหล็ก","360mm x 130mm x 710mm หนา 1.2mm","ติดตั้งและทำงานร่วมกับเบรกเกอร์","ติดตั้งภายในบ้านเรือน หรือหอพัก","30 ช่อง"
"2","ตู้โหลดเซนเตอร์","1","ตู้โหลดเซนเตอร์ CT","2","RCBO (กันดูด)","วัสดุเหล็ก | หนา 1.2 มิลลิเมตร | กันไฟดูด","5","CT Load Center 36","วัสดุเหล็ก","360mm x 130mm x 770mm หนา 1.2mm","ติดตั้งและทำงานร่วมกับเบรกเกอร์","ติดตั้งภายในบ้านเรือน หรือหอพัก","36 ช่อง"
"2","ตู้โหลดเซนเตอร์","1","ตู้โหลดเซนเตอร์ CT","2","RCBO (กันดูด)","วัสดุเหล็ก | หนา 1.2 มิลลิเมตร | กันไฟดูด","6","CT Load Center 42","วัสดุเหล็ก","360mm x 130mm x 770mm หนา 1.2mm","ติดตั้งและทำงานร่วมกับเบรกเกอร์","ติดตั้งภายในบ้านเรือน หรือหอพัก","42 ช่อง"
"3","ตู้ไฟสวิทซ์บอร์ด","1","ตู้ไฟสวิทซ์บอร์ด CT","1","CTBN IP3X","วัสดุเหล็ก | หนา 0.8 มิลลิเมตร ถึง 1.0 มิลลิเมตร","1","CTBN-00","วัสดุเหล็ก","200mm x 300mm x 150mm หนา 0.8mm","ใช้สำหรับยึดหรือเก็บอุปกรณ์ไฟฟ้า","ติดตั้งภายในบ้านเรือน หอพัก หรือโรงงานอุตสาหกรรม","200mm x 300mm x 150mm"
"3","ตู้ไฟสวิทซ์บอร์ด","1","ตู้ไฟสวิทซ์บอร์ด CT","1","CTBN IP3X","วัสดุเหล็ก | หนา 0.8 มิลลิเมตร ถึง 1.0 มิลลิเมตร","2","CTBN-0","วัสดุเหล็ก","250mm x 350mm x 150mm หนา 0.8mm","ใช้สำหรับยึดหรือเก็บอุปกรณ์ไฟฟ้า","ติดตั้งภายในบ้านเรือน หอพัก หรือโรงงานอุตสาหกรรม","250mm x 350mm x 150mm"
"3","ตู้ไฟสวิทซ์บอร์ด","1","ตู้ไฟสวิทซ์บอร์ด CT","1","CTBN IP3X","วัสดุเหล็ก | หนา 0.8 มิลลิเมตร ถึง 1.0 มิลลิเมตร","3","CTBN-1","วัสดุเหล็ก","300mm x 450mm x 170mm หนา 0.8mm","ใช้สำหรับยึดหรือเก็บอุปกรณ์ไฟฟ้า","ติดตั้งภายในบ้านเรือน หอพัก หรือโรงงานอุตสาหกรรม","300mm x 450mm x 150mm"
"3","ตู้ไฟสวิทซ์บอร์ด","1","ตู้ไฟสวิทซ์บอร์ด CT","1","CTBN IP3X","วัสดุเหล็ก | หนา 0.8 มิลลิเมตร ถึง 1.0 มิลลิเมตร","4","CTBN-2","วัสดุเหล็ก","350mm x 520mm x 170mm หนา 0.8mm","ใช้สำหรับยึดหรือเก็บอุปกรณ์ไฟฟ้า","ติดตั้งภายในบ้านเรือน หอพัก หรือโรงงานอุตสาหกรรม","350mm x 520mm x 170mm"
"3","ตู้ไฟสวิทซ์บอร์ด","1","ตู้ไฟสวิทซ์บอร์ด CT","1","CTBN IP3X","วัสดุเหล็ก | หนา 0.8 มิลลิเมตร ถึง 1.0 มิลลิเมตร","5","CTBN-3","วัสดุเหล็ก","400mm x 570mm x 200mm หนา 0.8mm","ใช้สำหรับยึดหรือเก็บอุปกรณ์ไฟฟ้า","ติดตั้งภายในบ้านเรือน หอพัก หรือโรงงานอุตสาหกรรม","400mm x 570mm x 200mm"
"3","ตู้ไฟสวิทซ์บอร์ด","1","ตู้ไฟสวิทซ์บอร์ด CT","1","CTBN IP3X","วัสดุเหล็ก | หนา 0.8 มิลลิเมตร ถึง 1.0 มิลลิเมตร","6","CTBN-4","วัสดุเหล็ก","440mm x 610mm x 230mm หนา 1.0mm","ใช้สำหรับยึดหรือเก็บอุปกรณ์ไฟฟ้า","ติดตั้งภายในบ้านเรือน หอพัก หรือโรงงานอุตสาหกรรม","440mm x 610mm x 230mm"
"3","ตู้ไฟสวิทซ์บอร์ด","1","ตู้ไฟสวิทซ์บอร์ด CT","1","CTBN IP3X","วัสดุเหล็ก | หนา 0.8 มิลลิเมตร ถึง 1.0 มิลลิเมตร","7","CTBN-5","วัสดุเหล็ก","570mm x 690mm x 250mm หนา 1.0mm","ใช้สำหรับยึดหรือเก็บอุปกรณ์ไฟฟ้า","ติดตั้งภายในบ้านเรือน หอพัก หรือโรงงานอุตสาหกรรม","570mm x 690mm x 250mm"
"3","ตู้ไฟสวิทซ์บอร์ด","1","ตู้ไฟสวิทซ์บอร์ด CT","1","CTBN IP3X","วัสดุเหล็ก | หนา 0.8 มิลลิเมตร ถึง 1.0 มิลลิเมตร","8","CTBN-6","วัสดุเหล็ก","600mm x 760mm x 250mm หนา 1.0mm","ใช้สำหรับยึดหรือเก็บอุปกรณ์ไฟฟ้า","ติดตั้งภายในบ้านเรือน หอพัก หรือโรงงานอุตสาหกรรม","600mm x 760mm x 250mm"
"3","ตู้ไฟสวิทซ์บอร์ด","1","ตู้ไฟสวิทซ์บอร์ด CT","1","CTBN IP3X","วัสดุเหล็ก | หนา 0.8 มิลลิเมตร ถึง 1.0 มิลลิเมตร","9","CTBN-7","วัสดุเหล็ก","640mm x 920mm x 250mm หนา 1.0mm","ใช้สำหรับยึดหรือเก็บอุปกรณ์ไฟฟ้า","ติดตั้งภายในบ้านเรือน หอพัก หรือโรงงานอุตสาหกรรม","640mm x 920mm x 250mm"
"3","ตู้ไฟสวิทซ์บอร์ด","1","ตู้ไฟสวิทซ์บอร์ด CT","2","CTBW IP55","วัสดุเหล็ก | หนา 0.8 มิลลิเมตร ถึง 1.0 มิลลิเมตร","1","CTBW-00","วัสดุเหล็ก","200mm x 300mm x 150mm หนา 0.8mm","ใช้สำหรับยึดหรือเก็บอุปกรณ์ไฟฟ้า","ติดตั้งภายในบ้านเรือน หอพัก หรือโรงงานอุตสาหกรรม","200mm x 300mm x 150mm"
"3","ตู้ไฟสวิทซ์บอร์ด","1","ตู้ไฟสวิทซ์บอร์ด CT","2","CTBW IP55","วัสดุเหล็ก | หนา 0.8 มิลลิเมตร ถึง 1.0 มิลลิเมตร","2","CTBW-0","วัสดุเหล็ก","250mm x 350mm x 150mm หนา 0.8mm","ใช้สำหรับยึดหรือเก็บอุปกรณ์ไฟฟ้า","ติดตั้งภายในบ้านเรือน หอพัก หรือโรงงานอุตสาหกรรม","250mm x 350mm x 150mm"
"3","ตู้ไฟสวิทซ์บอร์ด","1","ตู้ไฟสวิทซ์บอร์ด CT","2","CTBW IP55","วัสดุเหล็ก | หนา 0.8 มิลลิเมตร ถึง 1.0 มิลลิเมตร","3","CTBW-1","วัสดุเหล็ก","300mm x 450mm x 170mm หนา 1.0mm","ใช้สำหรับยึดหรือเก็บอุปกรณ์ไฟฟ้า","ติดตั้งภายในบ้านเรือน หอพัก หรือโรงงานอุตสาหกรรม","300mm x 450mm x 170mm"
"3","ตู้ไฟสวิทซ์บอร์ด","1","ตู้ไฟสวิทซ์บอร์ด CT","2","CTBW IP55","วัสดุเหล็ก | หนา 0.8 มิลลิเมตร ถึง 1.0 มิลลิเมตร","4","CTBW-2","วัสดุเหล็ก","350mm x 520mm x 170mm หนา 1.0mm","ใช้สำหรับยึดหรือเก็บอุปกรณ์ไฟฟ้า","ติดตั้งภายในบ้านเรือน หอพัก หรือโรงงานอุตสาหกรรม","350mm x 520mm x 170mm"
"3","ตู้ไฟสวิทซ์บอร์ด","1","ตู้ไฟสวิทซ์บอร์ด CT","2","CTBW IP55","วัสดุเหล็ก | หนา 0.8 มิลลิเมตร ถึง 1.0 มิลลิเมตร","5","CTBW-3","วัสดุเหล็ก","400mm x 570mm x 200mm หนา 1.0mm","ใช้สำหรับยึดหรือเก็บอุปกรณ์ไฟฟ้า","ติดตั้งภายในบ้านเรือน หอพัก หรือโรงงานอุตสาหกรรม","400mm x 570mm x 200mm"
"3","ตู้ไฟสวิทซ์บอร์ด","1","ตู้ไฟสวิทซ์บอร์ด CT","2","CTBW IP55","วัสดุเหล็ก | หนา 0.8 มิลลิเมตร ถึง 1.0 มิลลิเมตร","6","CTBW-4","วัสดุเหล็ก","440mm x 610mm x 230mm หนา 1.0mm","ใช้สำหรับยึดหรือเก็บอุปกรณ์ไฟฟ้า","ติดตั้งภายในบ้านเรือน หอพัก หรือโรงงานอุตสาหกรรม","440mm x 610mm x 230mm"
"3","ตู้ไฟสวิทซ์บอร์ด","1","ตู้ไฟสวิทซ์บอร์ด CT","2","CTBW IP55","วัสดุเหล็ก | หนา 0.8 มิลลิเมตร ถึง 1.0 มิลลิเมตร","7","CTBW-5","วัสดุเหล็ก","570mm x 690mm x 250mm หนา 1.0mm","ใช้สำหรับยึดหรือเก็บอุปกรณ์ไฟฟ้า","ติดตั้งภายในบ้านเรือน หอพัก หรือโรงงานอุตสาหกรรม","570mm x 690mm x 250mm"
"3","ตู้ไฟสวิทซ์บอร์ด","1","ตู้ไฟสวิทซ์บอร์ด CT","2","CTBW IP55","วัสดุเหล็ก | หนา 0.8 มิลลิเมตร ถึง 1.0 มิลลิเมตร","8","CTBW-6","วัสดุเหล็ก","600mm x 760mm x 250mm หนา 1.0mm","ใช้สำหรับยึดหรือเก็บอุปกรณ์ไฟฟ้า","ติดตั้งภายในบ้านเรือน หอพัก หรือโรงงานอุตสาหกรรม","600mm x 760mm x 250mm"
"3","ตู้ไฟสวิทซ์บอร์ด","1","ตู้ไฟสวิทซ์บอร์ด CT","2","CTBW IP55","วัสดุเหล็ก | หนา 0.8 มิลลิเมตร ถึง 1.0 มิลลิเมตร","9","CTBW-7","วัสดุเหล็ก","640mm x 920mm x 250mm หนา 1.0mm","ใช้สำหรับยึดหรือเก็บอุปกรณ์ไฟฟ้า","ติดตั้งภายในบ้านเรือน หอพัก หรือโรงงานอุตสาหกรรม","640mm x 920mm x 250mm"
"3","ตู้ไฟสวิทซ์บอร์ด","1","ตู้ไฟสวิทซ์บอร์ด CT","3","CTBS IP55","วัสดุเหล็ก | หนา 0.8 มิลลิเมตร ถึง 1.0 มิลลิเมตร | มีหลังคา | ป้องกันน้ำและฝุ่นระดับ IP55","1","CTBS-00","วัสดุเหล็ก","200mm x 300mm x 150mm หนา 0.8mm","ใช้สำหรับยึดหรือเก็บอุปกรณ์ไฟฟ้า","ติดตั้งภายในบ้านเรือน หอพัก หรือโรงงานอุตสาหกรรม","200mm x 300mm x 150mm"
"3","ตู้ไฟสวิทซ์บอร์ด","1","ตู้ไฟสวิทซ์บอร์ด CT","3","CTBS IP55","วัสดุเหล็ก | หนา 0.8 มิลลิเมตร ถึง 1.0 มิลลิเมตร | มีหลังคา | ป้องกันน้ำและฝุ่นระดับ IP55","2","CTBS-0","วัสดุเหล็ก","250mm x 350mm x 150mm หนา 0.8mm","ใช้สำหรับยึดหรือเก็บอุปกรณ์ไฟฟ้า","ติดตั้งภายในบ้านเรือน หอพัก หรือโรงงานอุตสาหกรรม","250mm x 350mm x 150mm"
"3","ตู้ไฟสวิทซ์บอร์ด","1","ตู้ไฟสวิทซ์บอร์ด CT","3","CTBS IP55","วัสดุเหล็ก | หนา 0.8 มิลลิเมตร ถึง 1.0 มิลลิเมตร | มีหลังคา | ป้องกันน้ำและฝุ่นระดับ IP55","3","CTBS-1","วัสดุเหล็ก","300mm x 450mm x 170mm หนา 1.0mm","ใช้สำหรับยึดหรือเก็บอุปกรณ์ไฟฟ้า","ติดตั้งภายในบ้านเรือน หอพัก หรือโรงงานอุตสาหกรรม","300mm x 450mm x 170mm"
"3","ตู้ไฟสวิทซ์บอร์ด","1","ตู้ไฟสวิทซ์บอร์ด CT","3","CTBS IP55","วัสดุเหล็ก | หนา 0.8 มิลลิเมตร ถึง 1.0 มิลลิเมตร | มีหลังคา | ป้องกันน้ำและฝุ่นระดับ IP55","4","CTBS-2","วัสดุเหล็ก","350mm x 520mm x 170mm หนา 1.0mm","ใช้สำหรับยึดหรือเก็บอุปกรณ์ไฟฟ้า","ติดตั้งภายในบ้านเรือน หอพัก หรือโรงงานอุตสาหกรรม","350mm x 520mm x 170mm"
"3","ตู้ไฟสวิทซ์บอร์ด","1","ตู้ไฟสวิทซ์บอร์ด CT","3","CTBS IP55","วัสดุเหล็ก | หนา 0.8 มิลลิเมตร ถึง 1.0 มิลลิเมตร | มีหลังคา | ป้องกันน้ำและฝุ่นระดับ IP55","5","CTBS-3","วัสดุเหล็ก","400mm x 570mm x 200mm หนา 1.0mm","ใช้สำหรับยึดหรือเก็บอุปกรณ์ไฟฟ้า","ติดตั้งภายในบ้านเรือน หอพัก หรือโรงงานอุตสาหกรรม","400mm x 570mm x 200mm"
"3","ตู้ไฟสวิทซ์บอร์ด","1","ตู้ไฟสวิทซ์บอร์ด CT","3","CTBS IP55","วัสดุเหล็ก | หนา 0.8 มิลลิเมตร ถึง 1.0 มิลลิเมตร | มีหลังคา | ป้องกันน้ำและฝุ่นระดับ IP55","6","CTBS-4","วัสดุเหล็ก","440mm x 610mm x 230mm หนา 1.0mm","ใช้สำหรับยึดหรือเก็บอุปกรณ์ไฟฟ้า","ติดตั้งภายในบ้านเรือน หอพัก หรือโรงงานอุตสาหกรรม","440mm x 610mm x 230mm"
"3","ตู้ไฟสวิทซ์บอร์ด","1","ตู้ไฟสวิทซ์บอร์ด CT","3","CTBS IP55","วัสดุเหล็ก | หนา 0.8 มิลลิเมตร ถึง 1.0 มิลลิเมตร | มีหลังคา | ป้องกันน้ำและฝุ่นระดับ IP55","7","CTBS-5","วัสดุเหล็ก","570mm x 690mm x 250mm หนา 1.0mm","ใช้สำหรับยึดหรือเก็บอุปกรณ์ไฟฟ้า","ติดตั้งภายในบ้านเรือน หอพัก หรือโรงงานอุตสาหกรรม","570mm x 690mm x 250mm"
"3","ตู้ไฟสวิทซ์บอร์ด","1","ตู้ไฟสวิทซ์บอร์ด CT","3","CTBS IP55","วัสดุเหล็ก | หนา 0.8 มิลลิเมตร ถึง 1.0 มิลลิเมตร | มีหลังคา | ป้องกันน้ำและฝุ่นระดับ IP55","8","CTBS-6","วัสดุเหล็ก","600mm x 760mm x 250mm หนา 1.0mm","ใช้สำหรับยึดหรือเก็บอุปกรณ์ไฟฟ้า","ติดตั้งภายในบ้านเรือน หอพัก หรือโรงงานอุตสาหกรรม","600mm x 760mm x 250mm"
"3","ตู้ไฟสวิทซ์บอร์ด","1","ตู้ไฟสวิทซ์บอร์ด CT","3","CTBS IP55","วัสดุเหล็ก | หนา 0.8 มิลลิเมตร ถึง 1.0 มิลลิเมตร | มีหลังคา | ป้องกันน้ำและฝุ่นระดับ IP55","9","CTBS-7","วัสดุเหล็ก","640mm x 920mm x 250mm หนา 1.0mm","ใช้สำหรับยึดหรือเก็บอุปกรณ์ไฟฟ้า","ติดตั้งภายในบ้านเรือน หอพัก หรือโรงงานอุตสาหกรรม","640mm x 920mm x 250mm"
"4","เซอกิตเบรกเกอร์","1","เบรกเกอร์ CTM1","1","CTM1-63C","ทนทาน | ตัดเร็ว (< 0.01 วินาที) | ไม่ลามไฟ | ป้องกันน้ำและฝุ่นระดับ IP30","1","CTM1-63C 1P","PA66 + PC","18mm x 70mm x 77mm","","ติดตั้งภายในตู้คอนซูเมอร์ยูนิต โดยยึดติดกับราง DIN Rail","6A, 10A, 16A, 20A, 25A, 32A"
"4","เซอกิตเบรกเกอร์","1","เบรกเกอร์ CTM1","1","CTM1-63C","ทนทาน | ตัดเร็ว (< 0.01 วินาที) | ไม่ลามไฟ | ป้องกันน้ำและฝุ่นระดับ IP30","2","CTM1-63C 2P","PA66 + PC","36mm x 70mm x 77mm","","ติดตั้งภายในตู้คอนซูเมอร์ยูนิต โดยยึดติดกับราง DIN Rail","20A, 32A, 40A, 50A, 63A"
"4","เซอกิตเบรกเกอร์","1","เบรกเกอร์ CTM1","1","CTM1-63C","ทนทาน | ตัดเร็ว (< 0.01 วินาที) | ไม่ลามไฟ | ป้องกันน้ำและฝุ่นระดับ IP30","3","CTM1-63C 3P","PA66 + PC","54mm x 70mm x 77mm","","ติดตั้งภายในตู้คอนซูเมอร์ยูนิต โดยยึดติดกับราง DIN Rail","20A, 32A, 40A, 50A, 63A"
"4","เซอกิตเบรกเกอร์","1","เบรกเกอร์ CTM1","2","CTM1-63C (RCBO)","ทนทาน | ตัดเร็ว (< 0.01 วินาที) | ไม่ลามไฟ | ป้องกันน้ำและฝุ่นระดับ IP30 | กันไฟดูด","1","CTM1-63C 1P (RCBO) Wire","PA66 + PC","18mm x 70mm x 77mm","","ติดตั้งภายในตู้คอนซูเมอร์ยูนิต โดยยึดติดกับราง DIN Rail","16A, 20A, 32A, 40A"
"4","เซอกิตเบรกเกอร์","1","เบรกเกอร์ CTM1","2","CTM1-63C (RCBO)","ทนทาน | ตัดเร็ว (< 0.01 วินาที) | ไม่ลามไฟ | ป้องกันน้ำและฝุ่นระดับ IP30 | กันไฟดูด","2","CTM1-63C 2P (RCBO)","PA66 + PC","36mm x 70mm x 77mm","","ติดตั้งภายในตู้คอนซูเมอร์ยูนิต โดยยึดติดกับราง DIN Rail","16A, 20A, 32A, 40A, 50A, 63A"
"4","เซอกิตเบรกเกอร์","2","เบรกเกอร์ CTM2","1","CTM2-63C","ทนทาน | ตัดเร็ว (< 0.04 วินาที) | ไม่ลามไฟ | ป้องกันน้ำและฝุ่นระดับ IP30","1","CTM2-63C 1P","PA66 + PC","18mm x 80mm x 81mm","","ติดตั้งภายในตู้คอนซูเมอร์ยูนิต (ไม่ต้องเดินสายไฟ)","10A, 16A, 20A, 32A"
"4","เซอกิตเบรกเกอร์","2","เบรกเกอร์ CTM2","1","CTM2-63C","ทนทาน | ตัดเร็ว (< 0.04 วินาที) | ไม่ลามไฟ | ป้องกันน้ำและฝุ่นระดับ IP30","2","CTM2-63C 2P","","35mm  x 65mm x 79mm","","ติดตั้งภายในตู้คอนซูเมอร์ยูนิต (ไม่ต้องเดินสายไฟ)","20A, 32A, 40A, 50A, 63A"
"4","เซอกิตเบรกเกอร์","2","เบรกเกอร์ CTM2","1","CTM2-63C","ทนทาน | ตัดเร็ว (< 0.04 วินาที) | ไม่ลามไฟ | ป้องกันน้ำและฝุ่นระดับ IP30","3","CTM2-63C 3P","","53mm x 81mm x 81mm","","ติดตั้งภายในตู้คอนซูเมอร์ยูนิต (ไม่ต้องเดินสายไฟ)","20A, 32A, 40A, 50A, 63A"
"4","เซอกิตเบรกเกอร์","2","เบรกเกอร์ CTM2","2","CTM2-63C (RCBO)","ทนทาน | ตัดเร็ว (< 0.04 วินาที) | ไม่ลามไฟ | ป้องกันน้ำและฝุ่นระดับ IP30 | กันไฟดูด","1","CTM2-63C 1P (RCBO) Wire","","-","","ติดตั้งภายในตู้คอนซูเมอร์ยูนิต (ไม่ต้องเดินสายไฟ)","16A, 20A, 32A, 40A"
"4","เซอกิตเบรกเกอร์","2","เบรกเกอร์ CTM2","2","CTM2-63C (RCBO)","ทนทาน | ตัดเร็ว (< 0.04 วินาที) | ไม่ลามไฟ | ป้องกันน้ำและฝุ่นระดับ IP30 | กันไฟดูด","2","CTM2-63C 2P (RCBO)","","103mm x 80mm x 98mm","","ติดตั้งภายในตู้คอนซูเมอร์ยูนิต (ไม่ต้องเดินสายไฟ)","20A, 32A, 40A, 50A, 63A"
"4","เซอกิตเบรกเกอร์","3","เบรกเกอร์ CTM4","1","CTM4-DC","ทนทาน | ตัดเร็ว (< 0.04 วินาที) | ป้องกันน้ำและฝุ่นระดับ IP30","1","CTM4-DC 500V (1P)","","18mm x 70mm x 77mm","","ติดตั้งภายในตู้คอนซูเมอร์ยูนิต โดยยึดติดกับราง DIN Rail","10A, 16A, 20A, 32A, 50A, 63A"
"4","เซอกิตเบรกเกอร์","3","เบรกเกอร์ CTM4","1","CTM4-DC","ทนทาน | ตัดเร็ว (< 0.04 วินาที) | ป้องกันน้ำและฝุ่นระดับ IP30","2","CTM4-DC 500V (2P)","","36mm x 70mm x 77mm","","ติดตั้งภายในตู้คอนซูเมอร์ยูนิต โดยยึดติดกับราง DIN Rail","16A, 20A, 32A, 50A, 63A"
"4","เซอกิตเบรกเกอร์","4","เบรกเกอร์ CTMF7","1","CTMF7-63C","ทนทาน | ไม่ลามไฟ","1","CTMF7-63C 1P","","17mm x 70mm x 81mm","","ติดตั้งภายในตู้คอนซูเมอร์ยูนิต โดยยึดติดกับราง DIN Rail","10A, 16A, 20A, 25A, 32A, 40A, 50A, 63A"
"4","เซอกิตเบรกเกอร์","4","เบรกเกอร์ CTMF7","1","CTMF7-63C","ทนทาน | ไม่ลามไฟ","2","CTMF7-63C 2P","","35mm x 70mm x 81mm","","ติดตั้งภายในตู้คอนซูเมอร์ยูนิต โดยยึดติดกับราง DIN Rail","10A, 16A, 20A, 25A, 32A, 40A, 50A, 63A"
"4","เซอกิตเบรกเกอร์","4","เบรกเกอร์ CTMF7","1","CTMF7-63C","ทนทาน | ไม่ลามไฟ","3","CTMF7-63C 3P","","-","","ติดตั้งภายในตู้คอนซูเมอร์ยูนิต โดยยึดติดกับราง DIN Rail","10A, 16A, 20A, 25A, 32A, 40A, 50A, 63A"
"4","เซอกิตเบรกเกอร์","4","เบรกเกอร์ CTMF7","1","CTMF7-63C","ทนทาน | ไม่ลามไฟ","4","CTMF7-63C 4P","","-","","ติดตั้งภายในตู้คอนซูเมอร์ยูนิต โดยยึดติดกับราง DIN Rail","10A, 16A, 20A, 25A, 32A, 40A, 50A, 63A"
"4","เซอกิตเบรกเกอร์","4","เบรกเกอร์ CTMF7","2","CTMF7LE-63C (RCBO)","ทนทาน | ไม่ลามไฟ | กันไฟดูด","1","CTMF7LE-63C 2P RCBO","","35mm x 69mm x 81mm","","ติดตั้งภายในตู้คอนซูเมอร์ยูนิต โดยยึดติดกับราง DIN Rail","10A, 16A, 20A, 25A, 32A, 40A, 50A, 63A"
"4","เซอกิตเบรกเกอร์","4","เบรกเกอร์ CTMF7","2","CTMF7LE-63C (RCBO)","ทนทาน | ไม่ลามไฟ | กันไฟดูด","2","CTMF7LE-63C 3P RCBO","","-","","ติดตั้งภายในตู้คอนซูเมอร์ยูนิต โดยยึดติดกับราง DIN Rail","10A, 16A, 20A, 25A, 32A, 40A, 50A, 63A"
"5","เซฟตี้เบรกเกอร์","1","เซฟตี้เบรกเกอร์ CNT-40c","1","CNT-40c","ทนทาน | ตัดเร็ว (< 0.04 วินาที) | ป้องกันน้ำและฝุ่นระดับ IP30","1","CNT-40 Safety Breaker (2P)","","30mm x 38mm x 70mm","ติดตั้งสำหรับเครื่องใช้ไฟฟ้าเช่น ปั้มน้ำ เครื่องปรับอากาศ","ติดตั้งภายในบ้านเรือน หอพัก หรือโรงงานอุตสาหกรรม","10A, 15A, 20A, 30A, 40A"
"5","เซฟตี้เบรกเกอร์","2","เซฟตี้เบรกเกอร์ CNTLE-40c","1","CNTLE-40c","ทนทาน | ตัดเร็ว (< 0.04 วินาที) | ป้องกันน้ำและฝุ่นระดับ IP30 | กันไฟดูด","1","CNTLE-40C Safety Breaker (2P)","","30mm x 38mm x 70mm","ติดตั้งสำหรับเครื่องใช้ไฟฟ้าเช่น เครื่องทำน้ำอุ่น ปั้มน้ำ เครื่องปรับอากาศ","ติดตั้งภายในบ้านเรือน หอพัก หรือโรงงานอุตสาหกรรม","10A, 15A, 20A, 30A, 40A"
"5","เซฟตี้เบรกเกอร์","3","เซฟตี้เบรกเกอร์ CNT-B40c","1","CNT-B40c","ทนทาน | ตัดเร็ว (< 0.04 วินาที) | ป้องกันน้ำและฝุ่นระดับ IP30 | กันไฟดูด","1","CNT-B40c Safety Breaker (2P)","","30mm x 38mm x 70mm","ติดตั้งสำหรับเครื่องใช้ไฟฟ้าเช่น ปั้มน้ำ เครื่องปรับอากาศ","ติดตั้งภายในบ้านเรือน หอพัก หรือโรงงานอุตสาหกรรม","10A, 15A, 20A, 30A, 40A"
"5","เซฟตี้เบรกเกอร์","4","กล่องเซฟตี้เบรกเกอร์ CNTBOX","1","CNTBOX","ทนทาน","1","CNTBOX Safety Breaker","","53mm x 40mm x 101mm","ติดตั้งเพื่อเพิ่มความแข็งแรง และความปลอดภัยให้กับเซฟตี้เบรกเกอร์","ติดตั้งภายในบ้านเรือน หอพัก หรือโรงงานอุตสาหกรรม","53mm x 40mm x 107mm"
"6","เบรกเกอร์ RCCB","1","เบรกเกอร์ CTMBS-125","1","CTM5B-125","ทนทาน | ตัดเร็ว (< 0.1 วินาที) | ป้องกันน้ำและฝุ่นระดับ IP20 | ไม่ลามไฟ","1","CTM5B-125 RCCB-2P Type B (1 เฟส)","","35mm x 70mm x 80mm","","","20A, 25A, 32A, 40A, 63A, 80A, 100A"
"6","เบรกเกอร์ RCCB","1","เบรกเกอร์ CTMBS-125","1","CTM5B-125","ทนทาน | ตัดเร็ว (< 0.1 วินาที) | ป้องกันน้ำและฝุ่นระดับ IP20 | ไม่ลามไฟ","2","CTM5B-125 RCCB-4P Type B (3 เฟส)","","70mm x 85mm x 70mm","","","20A, 25A, 32A, 40A, 63A, 80A, 100A"
"7","เบรกเกอร์ MCCB","1","เบรกเกอร์ CTNF","1","CTNF","ทนทาน","1","CTNF-2P63C","","-","ติดตั้งภายในตู้โหลดเซนเตอร์ หรือตู้สวิทซ์บอร์ดเพื่อป้องกันกระแสไฟฟ้าลัดวงจร","ติดตั้งภายในตู้โหลดเซนเตอร์ หรือตู้สวิทซ์บอร์ด","20A, 30A, 40A, 50A, 60A"
"7","เบรกเกอร์ MCCB","1","เบรกเกอร์ CTNF","1","CTNF","ทนทาน","2","CTNF-2P125C","","58mm x 75mm x 155mm","ติดตั้งภายในตู้โหลดเซนเตอร์ หรือตู้สวิทซ์บอร์ดเพื่อป้องกันกระแสไฟฟ้าลัดวงจร","ติดตั้งภายในตู้โหลดเซนเตอร์ หรือตู้สวิทซ์บอร์ด","75A, 100A"
"7","เบรกเกอร์ MCCB","1","เบรกเกอร์ CTNF","1","CTNF","ทนทาน","3","CTNF-3P63C","","-","ติดตั้งภายในตู้โหลดเซนเตอร์ หรือตู้สวิทซ์บอร์ดเพื่อป้องกันกระแสไฟฟ้าลัดวงจร","ติดตั้งภายในตู้โหลดเซนเตอร์ หรือตู้สวิทซ์บอร์ด","20A, 30A, 40A, 50A, 60A"
"7","เบรกเกอร์ MCCB","1","เบรกเกอร์ CTNF","1","CTNF","ทนทาน","4","CTNF-3P125C","","-","ติดตั้งภายในตู้โหลดเซนเตอร์ หรือตู้สวิทซ์บอร์ดเพื่อป้องกันกระแสไฟฟ้าลัดวงจร","ติดตั้งภายในตู้โหลดเซนเตอร์ หรือตู้สวิทซ์บอร์ด","75A, 100A"
"7","เบรกเกอร์ MCCB","1","เบรกเกอร์ CTNF","1","CTNF","ทนทาน","5","CTNF-3P125L","","91mm x 67mm x 150mm","ติดตั้งภายในตู้โหลดเซนเตอร์ หรือตู้สวิทซ์บอร์ดเพื่อป้องกันกระแสไฟฟ้าลัดวงจร","ติดตั้งภายในตู้โหลดเซนเตอร์ หรือตู้สวิทซ์บอร์ด","50A, 60A, 80A, 100A, 125A"
"7","เบรกเกอร์ MCCB","2","เบรกเกอร์ GTM1","1","GTM1","ทนทาน | ไม่ลามไฟ","1","GTM1-3P125L","","-","ติดตั้งภายในตู้โหลดเซนเตอร์ หรือตู้สวิทซ์บอร์ดเพื่อป้องกันกระแสไฟฟ้าลัดวงจร","ติดตั้งภายในตู้โหลดเซนเตอร์ หรือตู้สวิทซ์บอร์ด","50A, 60A, 80A, 100A, 125A"
"7","เบรกเกอร์ MCCB","2","เบรกเกอร์ GTM1","1","GTM1","ทนทาน | ไม่ลามไฟ","2","GTM1-3P250L","","-","ติดตั้งภายในตู้โหลดเซนเตอร์ หรือตู้สวิทซ์บอร์ดเพื่อป้องกันกระแสไฟฟ้าลัดวงจร","ติดตั้งภายในตู้โหลดเซนเตอร์ หรือตู้สวิทซ์บอร์ด","160A, 180A, 200A, 220A, 250A"
"7","เบรกเกอร์ MCCB","3","เบรกเกอร์ GTM1LE","1","GTM1LE","ทนทาน | ไม่ลามไฟ | กันไฟดูด","1","GTM1LE-4P125M","","120mm x 76mm x 150mm","ติดตั้งภายในตู้โหลดเซนเตอร์ หรือตู้สวิทซ์บอร์ดเพื่อป้องกันกระแสไฟฟ้าลัดวงจร","ติดตั้งภายในตู้โหลดเซนเตอร์ หรือตู้สวิทซ์บอร์ด","50A, 60A, 80A, 100A"
"7","เบรกเกอร์ MCCB","3","เบรกเกอร์ GTM1LE","1","GTM1LE","ทนทาน | ไม่ลามไฟ | กันไฟดูด","2","GTM1LE-4P250M","","140mm x 80mm x 165mm","ติดตั้งภายในตู้โหลดเซนเตอร์ หรือตู้สวิทซ์บอร์ดเพื่อป้องกันกระแสไฟฟ้าลัดวงจร","ติดตั้งภายในตู้โหลดเซนเตอร์ หรือตู้สวิทซ์บอร์ด","160A, 180A, 200A, 225A, 250A"
"8","อุปกรณ์ป้องกันไฟกระชาก","1","อุปกรณ์ป้องกันไฟกระชาก CSPD-A","1","CSPD-A","ทนทาน | ไม่ลามไฟ","1","CSPD-A40 1P","","-","ติดตั้งเพื่อป้องกันอุปกรณ์ไฟฟ้าจากไฟฟ้าแรงดันสูงชั่วขณะ","ติดตั้งภายในตู้คอนซูเมอร์ยูนิต ตู้โหลดเซนเตอร์","Imax 40 kA In 20kA, Up 1.8 kV/1P"
"8","อุปกรณ์ป้องกันไฟกระชาก","1","อุปกรณ์ป้องกันไฟกระชาก CSPD-A","1","CSPD-A","ทนทาน | ไม่ลามไฟ","2","CSPD-A40 2P","","-","ติดตั้งเพื่อป้องกันอุปกรณ์ไฟฟ้าจากไฟฟ้าแรงดันสูงชั่วขณะ","ติดตั้งภายในตู้คอนซูเมอร์ยูนิต ตู้โหลดเซนเตอร์","Imax 40 kA In 20kA, Up 1.8 kV/1P"
"8","อุปกรณ์ป้องกันไฟกระชาก","1","อุปกรณ์ป้องกันไฟกระชาก CSPD-A","1","CSPD-A","ทนทาน | ไม่ลามไฟ","3","CSPD-A60 3P","","-","ติดตั้งเพื่อป้องกันอุปกรณ์ไฟฟ้าจากไฟฟ้าแรงดันสูงชั่วขณะ","ติดตั้งภายในตู้คอนซูเมอร์ยูนิต ตู้โหลดเซนเตอร์","Imax 60 kA In 30kA, Up 2 kV/1P"
"8","อุปกรณ์ป้องกันไฟกระชาก","1","อุปกรณ์ป้องกันไฟกระชาก CSPD-A","1","CSPD-A","ทนทาน | ไม่ลามไฟ","4","CSPD-A60 4P","","-","ติดตั้งเพื่อป้องกันอุปกรณ์ไฟฟ้าจากไฟฟ้าแรงดันสูงชั่วขณะ","ติดตั้งภายในตู้คอนซูเมอร์ยูนิต ตู้โหลดเซนเตอร์","Imax 60 kA In 30kA, Up 2 kV/1P"
"8","อุปกรณ์ป้องกันไฟกระชาก","2","อุปกรณ์ป้องกันไฟกระชาก CSPD-D","1","CSPD-D","ทนทาน | ไม่ลามไฟ","1","CSPD-D40 2P","","-","ติดตั้งเพื่อป้องกันอุปกรณ์โซล่าเซลล์จากไฟฟ้าแรงดันสูงชั่วขณะ","ติดตั้งภายในตู้คอนซูเมอร์ยูนิต ตู้โหลดเซนเตอร์","Imax 40 kA In 20kA, Up 2.8 kV/1P"
"8","อุปกรณ์ป้องกันไฟกระชาก","2","อุปกรณ์ป้องกันไฟกระชาก CSPD-D","1","CSPD-D","ทนทาน | ไม่ลามไฟ","2","CSPD-D60 3P","","-","ติดตั้งเพื่อป้องกันอุปกรณ์โซล่าเซลล์จากไฟฟ้าแรงดันสูงชั่วขณะ","ติดตั้งภายในตู้คอนซูเมอร์ยูนิต ตู้โหลดเซนเตอร์","Imax 60 kA In 30kA, Up 3 kV/1P"
"9","กล่องฟิวส์พร้อมลูกฟิวส์","1","กล่องฟิวส์","1","กล่องฟิวส์","ทนทาน | ไม่ลามไฟ","1","CTPV-30DN (กล่องฟิวส์)","","18mm x 60mm x 72mm","ติดตั้งเพื่อรองรับการบรรจุลูกฟิวส์","ติดตั้งภายในบ้านเรือน หอพัก หรือโรงงานอุตสาหกรรม","30A 1000V DC"
"9","กล่องฟิวส์พร้อมลูกฟิวส์","2","ลูกฟิวส์","1","ลูกฟิวส์","ทนทาน | ไม่ลามไฟ | เป็นฉนวนไฟฟ้า","1","CTPV-30 (ฟิวส์)","","-","ติดตั้งเพื่อลดความเสียหายของอุปกรณ์ไฟฟ้า","ติดตั้งภายในบ้านเรือน หอพัก หรือโรงงานอุตสาหกรรม","15A, 20A, 30A"
"10","เครื่องตัดกระแสไฟอัตโนมัติ","1","เครื่องตัดกระแสไฟอัตโนมัติ V-SAFE2","1","V-SAFE2","ทนทาน | กันไฟดูด","1","V-SAFE2","","-","ติดตั้งเพื่อลดความเสียหายของอุปกรณ์ไฟฟ้า","ติดตั้งภายในบ้านเรือน หอพัก หรือโรงงานอุตสาหกรรม","32A, 50A, 63A"
"10","เครื่องตัดกระแสไฟอัตโนมัติ","2","เครื่องตัดกระแสไฟอัตโนมัติ SPD-R","1","SPD-R","ทนทาน | กันไฟดูด + กันฟ้าผ่า","1","SPD-R","","-","ติดตั้งเพื่อลดความเสียหายของอุปกรณ์ไฟฟ้า","ติดตั้งภายในบ้านเรือน หอพัก หรือโรงงานอุตสาหกรรม","20A, 32A, 40A, 50A, 63A"
"11","กิโลวัตต์ฮาวมิเตอร์","1","กิโลวัตต์ฮาวมิเตอร์ EM3-86","1","EM3-86","ทนทาน","1","EM3-86 (KILOWATT-HOUR METER)","","130mm x 110mm x 155mm","ใช้สำหรับวัดค่าพารามิเตอร์ทางไฟฟ้า","ติดตั้งที่ตัวอาคารหรือโครงสร้างที่มีความแข็งแรง","5(15)A, 10(30)A, 15(45)A"
"11","กิโลวัตต์ฮาวมิเตอร์","2","กิโลวัตต์ฮาวมิเตอร์ EM4-86","1","EM4-86","ทนทาน","1","EM4-86 (KILOWATT-HOUR METER)","","153mm x 125mm 270mm","ใช้สำหรับวัดค่าพารามิเตอร์ทางไฟฟ้า","ติดตั้งที่ตัวอาคารหรือโครงสร้างที่มีความแข็งแรง","15(60)A, 30(100)A"
"12","แมกเนติกคอนแทคเตอร์ & โอเวอร์โหลดรีเลย์","1","แมกเนติกคอนแทคเตอร์ SN","1","SN","ทนทาน","1","SN-10","","-","ใช้สำหรับตัดวงจรไฟฟ้า เพื่อการเปิด - ปิดของหน้าสัมผัส","ติดตั้งบนรางเกาะ","11A/220V, 9A/380V"
"12","แมกเนติกคอนแทคเตอร์ & โอเวอร์โหลดรีเลย์","1","แมกเนติกคอนแทคเตอร์ SN","1","SN","ทนทาน","2","SN-11","","-","ใช้สำหรับตัดวงจรไฟฟ้า เพื่อการเปิด - ปิดของหน้าสัมผัส","ติดตั้งบนรางเกาะ","13A/220V, 12A/380V"
"12","แมกเนติกคอนแทคเตอร์ & โอเวอร์โหลดรีเลย์","1","แมกเนติกคอนแทคเตอร์ SN","1","SN","ทนทาน","3","SN-12","","-","ใช้สำหรับตัดวงจรไฟฟ้า เพื่อการเปิด - ปิดของหน้าสัมผัส","ติดตั้งบนรางเกาะ","13A/220V, 12A/380V"
"12","แมกเนติกคอนแทคเตอร์ & โอเวอร์โหลดรีเลย์","1","แมกเนติกคอนแทคเตอร์ SN","1","SN","ทนทาน","4","SN-18","","-","ใช้สำหรับตัดวงจรไฟฟ้า เพื่อการเปิด - ปิดของหน้าสัมผัส","ติดตั้งบนรางเกาะ","18A/220V, 16A/380V"
"12","แมกเนติกคอนแทคเตอร์ & โอเวอร์โหลดรีเลย์","1","แมกเนติกคอนแทคเตอร์ SN","1","SN","ทนทาน","5","SN-20","","-","ใช้สำหรับตัดวงจรไฟฟ้า เพื่อการเปิด - ปิดของหน้าสัมผัส","ติดตั้งบนรางเกาะ","22A/220V, 22A/380V"
"12","แมกเนติกคอนแทคเตอร์ & โอเวอร์โหลดรีเลย์","1","แมกเนติกคอนแทคเตอร์ SN","1","SN","ทนทาน","6","SN-21","","-","ใช้สำหรับตัดวงจรไฟฟ้า เพื่อการเปิด - ปิดของหน้าสัมผัส","ติดตั้งบนรางเกาะ","22A/220V, 22A/380V"
"12","แมกเนติกคอนแทคเตอร์ & โอเวอร์โหลดรีเลย์","1","แมกเนติกคอนแทคเตอร์ SN","1","SN","ทนทาน","7","SN-25","","-","ใช้สำหรับตัดวงจรไฟฟ้า เพื่อการเปิด - ปิดของหน้าสัมผัส","ติดตั้งบนรางเกาะ","30A/220V, 30A/380V"
"12","แมกเนติกคอนแทคเตอร์ & โอเวอร์โหลดรีเลย์","1","แมกเนติกคอนแทคเตอร์ SN","1","SN","ทนทาน","8","SN-35","","-","ใช้สำหรับตัดวงจรไฟฟ้า เพื่อการเปิด - ปิดของหน้าสัมผัส","ติดตั้งบนรางเกาะ","40A/220V, 40A/380V"
"12","แมกเนติกคอนแทคเตอร์ & โอเวอร์โหลดรีเลย์","1","แมกเนติกคอนแทคเตอร์ SN","1","SN","ทนทาน","9","SN-50","","-","ใช้สำหรับตัดวงจรไฟฟ้า เพื่อการเปิด - ปิดของหน้าสัมผัส","ติดตั้งบนรางเกาะ","80A/220V, 80A/380V"
"12","แมกเนติกคอนแทคเตอร์ & โอเวอร์โหลดรีเลย์","1","แมกเนติกคอนแทคเตอร์ SN","1","SN","ทนทาน","10","SN-65","","-","ใช้สำหรับตัดวงจรไฟฟ้า เพื่อการเปิด - ปิดของหน้าสัมผัส","ติดตั้งบนรางเกาะ","100A/220V, 100A/380V"
"12","แมกเนติกคอนแทคเตอร์ & โอเวอร์โหลดรีเลย์","2","แมกเนติกคอนแทคเตอร์ CXC","1","CXC","ทนทาน","1","CXC-09","","-","ใช้สำหรับเชื่อมต่อ และตัดการเชื่อมต่อวงจรจากระยะไกล","-","220V, 380V"
"12","แมกเนติกคอนแทคเตอร์ & โอเวอร์โหลดรีเลย์","2","แมกเนติกคอนแทคเตอร์ CXC","1","CXC","ทนทาน","2","CXC-12","","-","ใช้สำหรับเชื่อมต่อ และตัดการเชื่อมต่อวงจรจากระยะไกล","-","220V, 380V"
"12","แมกเนติกคอนแทคเตอร์ & โอเวอร์โหลดรีเลย์","2","แมกเนติกคอนแทคเตอร์ CXC","1","CXC","ทนทาน","3","CXC-18","","-","ใช้สำหรับเชื่อมต่อ และตัดการเชื่อมต่อวงจรจากระยะไกล","-","220V, 380V"
"12","แมกเนติกคอนแทคเตอร์ & โอเวอร์โหลดรีเลย์","2","แมกเนติกคอนแทคเตอร์ CXC","1","CXC","ทนทาน","4","CXC-25","","55mm x 90mm x 86mm","ใช้สำหรับเชื่อมต่อ และตัดการเชื่อมต่อวงจรจากระยะไกล","-","220V, 380V"
"12","แมกเนติกคอนแทคเตอร์ & โอเวอร์โหลดรีเลย์","2","แมกเนติกคอนแทคเตอร์ CXC","1","CXC","ทนทาน","5","CXC-32","","-","ใช้สำหรับเชื่อมต่อ และตัดการเชื่อมต่อวงจรจากระยะไกล","-","220V, 380V"
"12","แมกเนติกคอนแทคเตอร์ & โอเวอร์โหลดรีเลย์","2","แมกเนติกคอนแทคเตอร์ CXC","1","CXC","ทนทาน","6","CXC-40","","75mm x 112mm x 125mm","ใช้สำหรับเชื่อมต่อ และตัดการเชื่อมต่อวงจรจากระยะไกล","-","220V, 380V"
"12","แมกเนติกคอนแทคเตอร์ & โอเวอร์โหลดรีเลย์","2","แมกเนติกคอนแทคเตอร์ CXC","1","CXC","ทนทาน","7","CXC-50","","75mm x 112mm x 125mm","ใช้สำหรับเชื่อมต่อ และตัดการเชื่อมต่อวงจรจากระยะไกล","-","220V, 380V"
"12","แมกเนติกคอนแทคเตอร์ & โอเวอร์โหลดรีเลย์","2","แมกเนติกคอนแทคเตอร์ CXC","1","CXC","ทนทาน","8","CXC-65","","75mm x 112mm x 125mm","ใช้สำหรับเชื่อมต่อ และตัดการเชื่อมต่อวงจรจากระยะไกล","-","220V, 380V"
"12","แมกเนติกคอนแทคเตอร์ & โอเวอร์โหลดรีเลย์","3","โอเวอร์โหลดรีเลย์ TH-N","1","TH-N","ทนทาน","1","TH-N12","","-","ป้องกันความเสียหายต่ออุปกรณ์ และป้องกันอุบัติเหตู","-","7A - 11A, 9A - 13A"
"12","แมกเนติกคอนแทคเตอร์ & โอเวอร์โหลดรีเลย์","3","โอเวอร์โหลดรีเลย์ TH-N","1","TH-N","ทนทาน","2","TH-N20","","-","ป้องกันความเสียหายต่ออุปกรณ์ และป้องกันอุบัติเหตู","-","12A - 18A, 16A - 22A, 24A - 34A, 30A - 40A"
"12","แมกเนติกคอนแทคเตอร์ & โอเวอร์โหลดรีเลย์","3","โอเวอร์โหลดรีเลย์ TH-N","1","TH-N","ทนทาน","3","TH-N60","","-","ป้องกันความเสียหายต่ออุปกรณ์ และป้องกันอุบัติเหตู","-","43A - 65A, 54A - 80A"
"12","แมกเนติกคอนแทคเตอร์ & โอเวอร์โหลดรีเลย์","4","โอเวอร์โหลดรีเลย์ JR-28","1","JR-28","ทนทาน","1","JR28-25","","45mm x 90mm x 60mm","ป้องกันความเสียหายต่ออุปกรณ์มอเตอร์ AC","-","D1308 2.5A - 4A, D1312 5.5A - 8A, D1314 7A - 10A, D1316 9A - 13A, D1321 12A - 18A, D1322 17A - 25A, D1353 23A - 32A"
"12","แมกเนติกคอนแทคเตอร์ & โอเวอร์โหลดรีเลย์","4","โอเวอร์โหลดรีเลย์ JR-28","1","JR-28","ทนทาน","2","JR28-93","","70mm x 112mm x 80mm","ป้องกันความเสียหายต่ออุปกรณ์มอเตอร์ AC","-","D3355 30A - 40A, D3357 37A - 50A, D3359 48A - 65A"
"12","แมกเนติกคอนแทคเตอร์ & โอเวอร์โหลดรีเลย์","5","Auxiliary F4","1","F4","ทนทาน","1","F4-11","","-","-","-","NO + NC"
"12","แมกเนติกคอนแทคเตอร์ & โอเวอร์โหลดรีเลย์","5","Auxiliary F4","1","F4","ทนทาน","2","F4-22","","-","-","-","2NO + 2NC"
"12","แมกเนติกคอนแทคเตอร์ & โอเวอร์โหลดรีเลย์","6","Auxiliary F8","1","F8","ทนทาน","1","F8-11","","-","-","-","NO + NC"
"12","แมกเนติกคอนแทคเตอร์ & โอเวอร์โหลดรีเลย์","7","Delay Module LA2-TO","1","LA2-TO","ทนทาน","1","LA2-TO","","-","-","-","0.1 - 30s"
"13","พาวเวอร์ปลั๊ก","1","พาวเวอร์ปลั๊ก ปลั๊กเต้าเสียบ (ตัวผู้)","1","3 pin","ทนทาน | ป้องกันน้ำและฝุ่นระดับ IP44 | ไม่ลามไฟ","1","EB-013 (3 pin)","","-","ต่อสายเข้ากับตัวรับ","ติดตั้งในโรงงานอุตสาหกรรม","2P + E 16A 220V"
"13","พาวเวอร์ปลั๊ก","1","พาวเวอร์ปลั๊ก ปลั๊กเต้าเสียบ (ตัวผู้)","1","3 pin","ทนทาน | ป้องกันน้ำและฝุ่นระดับ IP44 | ไม่ลามไฟ","2","EB-023 (3 pin)","","-","ต่อสายเข้ากับตัวรับ","ติดตั้งในโรงงานอุตสาหกรรม","2P + E 32A 220V"
"13","พาวเวอร์ปลั๊ก","1","พาวเวอร์ปลั๊ก ปลั๊กเต้าเสียบ (ตัวผู้)","2","4 pin","ทนทาน | ป้องกันน้ำและฝุ่นระดับ IP44 | ไม่ลามไฟ","1","EB-014 (4 pin)","","-","ต่อสายเข้ากับตัวรับ","ติดตั้งในโรงงานอุตสาหกรรม","3P + E 16A 380V"
"13","พาวเวอร์ปลั๊ก","1","พาวเวอร์ปลั๊ก ปลั๊กเต้าเสียบ (ตัวผู้)","2","4 pin","ทนทาน | ป้องกันน้ำและฝุ่นระดับ IP44 | ไม่ลามไฟ","2","EB-024 (4 pin)","","-","ต่อสายเข้ากับตัวรับ","ติดตั้งในโรงงานอุตสาหกรรม","3P + E 32A 380V"
"13","พาวเวอร์ปลั๊ก","1","พาวเวอร์ปลั๊ก ปลั๊กเต้าเสียบ (ตัวผู้)","3","5 pin","ทนทาน | ป้องกันน้ำและฝุ่นระดับ IP44 | ไม่ลามไฟ","1","EB-015 (5 pin)","","-","ต่อสายเข้ากับตัวรับ","ติดตั้งในโรงงานอุตสาหกรรม","3P + N + E 16A 380V"
"13","พาวเวอร์ปลั๊ก","1","พาวเวอร์ปลั๊ก ปลั๊กเต้าเสียบ (ตัวผู้)","3","5 pin","ทนทาน | ป้องกันน้ำและฝุ่นระดับ IP44 | ไม่ลามไฟ","2","EB-025 (5 pin)","","-","ต่อสายเข้ากับตัวรับ","ติดตั้งในโรงงานอุตสาหกรรม","3P + N + E 32A 380V"
"13","พาวเวอร์ปลั๊ก","2","พาวเวอร์ปลั๊ก กลางทางเต้ารับ (ตัวเมีย)","1","3 pin","ทนทาน | ป้องกันน้ำและฝุ่นระดับ IP44 | ไม่ลามไฟ","1","EB-113 (3 pin)","","-","ต่อสายเข้ากับตัวรับ","ติดตั้งในโรงงานอุตสาหกรรม","2P + E 16A 220V"
"13","พาวเวอร์ปลั๊ก","2","พาวเวอร์ปลั๊ก กลางทางเต้ารับ (ตัวเมีย)","1","3 pin","ทนทาน | ป้องกันน้ำและฝุ่นระดับ IP44 | ไม่ลามไฟ","2","EB-123 (3 pin)","","-","ต่อสายเข้ากับตัวรับ","ติดตั้งในโรงงานอุตสาหกรรม","2P + E 32A 220V"
"13","พาวเวอร์ปลั๊ก","2","พาวเวอร์ปลั๊ก กลางทางเต้ารับ (ตัวเมีย)","2","4 pin","ทนทาน | ป้องกันน้ำและฝุ่นระดับ IP44 | ไม่ลามไฟ","1","EB-114 (4 pin)","","-","ต่อสายเข้ากับตัวรับ","ติดตั้งในโรงงานอุตสาหกรรม","3P + E 16A 380V"
"13","พาวเวอร์ปลั๊ก","2","พาวเวอร์ปลั๊ก กลางทางเต้ารับ (ตัวเมีย)","2","4 pin","ทนทาน | ป้องกันน้ำและฝุ่นระดับ IP44 | ไม่ลามไฟ","2","EB-124 (4 pin)","","-","ต่อสายเข้ากับตัวรับ","ติดตั้งในโรงงานอุตสาหกรรม","3P + E 32A 380V"
"13","พาวเวอร์ปลั๊ก","2","พาวเวอร์ปลั๊ก กลางทางเต้ารับ (ตัวเมีย)","3","5 pin","ทนทาน | ป้องกันน้ำและฝุ่นระดับ IP44 | ไม่ลามไฟ","1","EB-115 (5 pin)","","-","ต่อสายเข้ากับตัวรับ","ติดตั้งในโรงงานอุตสาหกรรม","3P + N + E 16A 380V"
"13","พาวเวอร์ปลั๊ก","2","พาวเวอร์ปลั๊ก กลางทางเต้ารับ (ตัวเมีย)","3","5 pin","ทนทาน | ป้องกันน้ำและฝุ่นระดับ IP44 | ไม่ลามไฟ","2","EB-125 (5 pin)","","-","ต่อสายเข้ากับตัวรับ","ติดตั้งในโรงงานอุตสาหกรรม","3P + N + E 32A 380V"
"13","พาวเวอร์ปลั๊ก","3","พาวเวอร์ปลั๊ก ติดลอยเต้ารับ (ตัวเมีย)","1","3 pin","ทนทาน | ป้องกันน้ำและฝุ่นระดับ IP44 | ไม่ลามไฟ","1","EB-213 (3 pin)","","-","ต่อสายเข้ากับตัวรับ","ติดตั้งในโรงงานอุตสาหกรรม","2P + E 16A 220V"
"13","พาวเวอร์ปลั๊ก","3","พาวเวอร์ปลั๊ก ติดลอยเต้ารับ (ตัวเมีย)","1","3 pin","ทนทาน | ป้องกันน้ำและฝุ่นระดับ IP44 | ไม่ลามไฟ","2","EB-223 (3 pin)","","-","ต่อสายเข้ากับตัวรับ","ติดตั้งในโรงงานอุตสาหกรรม","2P + E 32A 220V"
"13","พาวเวอร์ปลั๊ก","3","พาวเวอร์ปลั๊ก ติดลอยเต้ารับ (ตัวเมีย)","2","4 pin","ทนทาน | ป้องกันน้ำและฝุ่นระดับ IP44 | ไม่ลามไฟ","1","EB-214 (4 pin)","","-","ต่อสายเข้ากับตัวรับ","ติดตั้งในโรงงานอุตสาหกรรม","3P + E 16A 380V"
"13","พาวเวอร์ปลั๊ก","3","พาวเวอร์ปลั๊ก ติดลอยเต้ารับ (ตัวเมีย)","2","4 pin","ทนทาน | ป้องกันน้ำและฝุ่นระดับ IP44 | ไม่ลามไฟ","2","EB-224 (4 pin)","","-","ต่อสายเข้ากับตัวรับ","ติดตั้งในโรงงานอุตสาหกรรม","3P + E 32A 380V"
"13","พาวเวอร์ปลั๊ก","3","พาวเวอร์ปลั๊ก ติดลอยเต้ารับ (ตัวเมีย)","3","5 pin","ทนทาน | ป้องกันน้ำและฝุ่นระดับ IP44 | ไม่ลามไฟ","1","EB-215 (5 pin)","","-","ต่อสายเข้ากับตัวรับ","ติดตั้งในโรงงานอุตสาหกรรม","3P + N + E 16A 380V"
"13","พาวเวอร์ปลั๊ก","3","พาวเวอร์ปลั๊ก ติดลอยเต้ารับ (ตัวเมีย)","3","5 pin","ทนทาน | ป้องกันน้ำและฝุ่นระดับ IP44 | ไม่ลามไฟ","2","EB-225 (5 pin)","","-","ต่อสายเข้ากับตัวรับ","ติดตั้งในโรงงานอุตสาหกรรม","3P + N + E 32A 380V"
"13","พาวเวอร์ปลั๊ก","4","พาวเวอร์ปลั๊ก สามทางเต้ารับ (ตัวเมีย)","1","3 pin","ทนทาน | ป้องกันน้ำและฝุ่นระดับ IP44 | ไม่ลามไฟ","1","EB-1013 (3 pin)","","-","ต่อสายเข้ากับตัวรับ","ติดตั้งในโรงงานอุตสาหกรรม","2P + E 16A 220V"
"13","พาวเวอร์ปลั๊ก","4","พาวเวอร์ปลั๊ก สามทางเต้ารับ (ตัวเมีย)","1","3 pin","ทนทาน | ป้องกันน้ำและฝุ่นระดับ IP44 | ไม่ลามไฟ","2","EB-1023 (3 pin)","","-","ต่อสายเข้ากับตัวรับ","ติดตั้งในโรงงานอุตสาหกรรม","2P + E 32A 220V"
"13","พาวเวอร์ปลั๊ก","4","พาวเวอร์ปลั๊ก สามทางเต้ารับ (ตัวเมีย)","2","4 pin","ทนทาน | ป้องกันน้ำและฝุ่นระดับ IP44 | ไม่ลามไฟ","1","EB-1014 (4 pin)","","-","ต่อสายเข้ากับตัวรับ","ติดตั้งในโรงงานอุตสาหกรรม","2P + N + E 16A 380V"
"13","พาวเวอร์ปลั๊ก","4","พาวเวอร์ปลั๊ก สามทางเต้ารับ (ตัวเมีย)","2","4 pin","ทนทาน | ป้องกันน้ำและฝุ่นระดับ IP44 | ไม่ลามไฟ","2","EB-1024 (4 pin)","","-","ต่อสายเข้ากับตัวรับ","ติดตั้งในโรงงานอุตสาหกรรม","2P + N + E 32A 380V"
"13","พาวเวอร์ปลั๊ก","4","พาวเวอร์ปลั๊ก สามทางเต้ารับ (ตัวเมีย)","3","5 pin","ทนทาน | ป้องกันน้ำและฝุ่นระดับ IP44 | ไม่ลามไฟ","1","EB-1015 (5 pin)","","-","ต่อสายเข้ากับตัวรับ","ติดตั้งในโรงงานอุตสาหกรรม","3P + N + E 16A 380V"
"13","พาวเวอร์ปลั๊ก","5","พาวเวอร์ปลั๊ก ฝังผนังเต้ารับ (ตัวเมีย)","1","3 pin","ทนทาน | ป้องกันน้ำและฝุ่นระดับ IP44 | ไม่ลามไฟ","1","EB-313 (3 pin)","","-","ต่อสายเข้ากับตัวรับ","ติดตั้งในโรงงานอุตสาหกรรม","2P + E 16A 220V"
"13","พาวเวอร์ปลั๊ก","5","พาวเวอร์ปลั๊ก ฝังผนังเต้ารับ (ตัวเมีย)","1","3 pin","ทนทาน | ป้องกันน้ำและฝุ่นระดับ IP44 | ไม่ลามไฟ","2","EB-323 (3 pin)","","-","ต่อสายเข้ากับตัวรับ","ติดตั้งในโรงงานอุตสาหกรรม","2P + E 32A 220V"
"13","พาวเวอร์ปลั๊ก","5","พาวเวอร์ปลั๊ก ฝังผนังเต้ารับ (ตัวเมีย)","2","4 pin","ทนทาน | ป้องกันน้ำและฝุ่นระดับ IP44 | ไม่ลามไฟ","1","EB-314 (4 pin)","","-","ต่อสายเข้ากับตัวรับ","ติดตั้งในโรงงานอุตสาหกรรม","3P + E 16A 380V"
"13","พาวเวอร์ปลั๊ก","5","พาวเวอร์ปลั๊ก ฝังผนังเต้ารับ (ตัวเมีย)","2","4 pin","ทนทาน | ป้องกันน้ำและฝุ่นระดับ IP44 | ไม่ลามไฟ","2","EB-324 (4 pin)","","-","ต่อสายเข้ากับตัวรับ","ติดตั้งในโรงงานอุตสาหกรรม","3P + E 32A 380V"
"13","พาวเวอร์ปลั๊ก","5","พาวเวอร์ปลั๊ก ฝังผนังเต้ารับ (ตัวเมีย)","3","5 pin","ทนทาน | ป้องกันน้ำและฝุ่นระดับ IP44 | ไม่ลามไฟ","1","EB-315 (5 pin)","","-","ต่อสายเข้ากับตัวรับ","ติดตั้งในโรงงานอุตสาหกรรม","3P + N + E 16A 380V"
"13","พาวเวอร์ปลั๊ก","5","พาวเวอร์ปลั๊ก ฝังผนังเต้ารับ (ตัวเมีย)","3","5 pin","ทนทาน | ป้องกันน้ำและฝุ่นระดับ IP44 | ไม่ลามไฟ","2","EB-325 (5 pin)","","-","ต่อสายเข้ากับตัวรับ","ติดตั้งในโรงงานอุตสาหกรรม","3P + N + E 32A 380V"
"14","ปุ่มและไฟแสดงสถานะ","1","สวิตช์ LA38","1","LA38-11D","ทนทาน","1","LA38-11D","","30mm x 83mm x 41.5mm","ใช้สำหรับควบคุมอุตสาหกรรม","ติดตั้งในโรงงานอุตสาหกรรม","220V 1 เฟส"
"14","ปุ่มและไฟแสดงสถานะ","1","สวิตช์ LA38","2","LA38-11ZS (STOP)","ทนทาน","1","LA38-11ZS (STOP)","","40mm x 78mm x 40m","ใช้สำหรับควบคุมอุตสาหกรรม","ติดตั้งในโรงงานอุตสาหกรรม","1NO 1NC"
"14","ปุ่มและไฟแสดงสถานะ","1","สวิตช์ LA38","3","LA38-11ZS","ทนทาน","1","LA38-11ZS","","35mm x 84mm x 35m","ใช้สำหรับควบคุมอุตสาหกรรม","ติดตั้งในโรงงานอุตสาหกรรม","1NO 1NC"
"14","ปุ่มและไฟแสดงสถานะ","1","สวิตช์ LA38","4","LA38-11X","ทนทาน","1","LA38-11X2 2 จังหวะ","","30mm x 79.5mm x 41.5mm","ใช้สำหรับควบคุมอุตสาหกรรม","ติดตั้งในโรงงานอุตสาหกรรม","NO NC"
"14","ปุ่มและไฟแสดงสถานะ","1","สวิตช์ LA38","4","LA38-11X","ทนทาน","2","LA38-11X2 3 จังหวะ","","30mm x 79.5mm x 41.5mm","ใช้สำหรับควบคุมอุตสาหกรรม","ติดตั้งในโรงงานอุตสาหกรรม","2NO"
"14","ปุ่มและไฟแสดงสถานะ","1","สวิตช์ LA38","4","LA38-11X","ทนทาน","3","LA38-11XD/2 2 จังหวะ","","30mm x 95mm x 41.5mm","ใช้สำหรับควบคุมอุตสาหกรรม","ติดตั้งในโรงงานอุตสาหกรรม","NO NC"
"14","ปุ่มและไฟแสดงสถานะ","1","สวิตช์ LA38","4","LA38-11X","ทนทาน","4","LA38-11XD/3 3 จังหวะ","","30mm x 95mm x 41.5mm","ใช้สำหรับควบคุมอุตสาหกรรม","ติดตั้งในโรงงานอุตสาหกรรม","2NO"
"14","ปุ่มและไฟแสดงสถานะ","1","สวิตช์ LA38","5","LA38-11Y","ทนทาน","1","LA38-11Y/2 2 จังหวะ","","30mm x 76mm x 41.5mm","ใช้สำหรับควบคุมอุตสาหกรรม","ติดตั้งในโรงงานอุตสาหกรรม","NO NC"
"14","ปุ่มและไฟแสดงสถานะ","1","สวิตช์ LA38","5","LA38-11Y","ทนทาน","2","LA38-11Y/3 3 จังหวะ","","30mm x 76mm x 41.5mm","ใช้สำหรับควบคุมอุตสาหกรรม","ติดตั้งในโรงงานอุตสาหกรรม","2NO"
"14","ปุ่มและไฟแสดงสถานะ","2","ไฟแสดงสถานะ AD16","1","AD16-22SM","ทนทาน","1","AD16-22SM","","-","ใช้สำหรับควบคุมอุตสาหกรรม","ติดตั้งในโรงงานอุตสาหกรรม","AC 220V"
"14","ปุ่มและไฟแสดงสถานะ","2","ไฟแสดงสถานะ AD16","2","AD16-22VM ","ทนทาน","1","AD16-22VM","","-","ใช้สำหรับควบคุมอุตสาหกรรม","ติดตั้งในโรงงานอุตสาหกรรม","AC 50V - 500V"
"14","ปุ่มและไฟแสดงสถานะ","2","ไฟแสดงสถานะ AD16","3","AD16-22VAM","ทนทาน","1","AD16-22VAM","","29.8mm x 50.7mm x 29.8mm","ใช้สำหรับควบคุมอุตสาหกรรม","ติดตั้งในโรงงานอุตสาหกรรม","AC 50V - 500V 0A - 100A"
"14","ปุ่มและไฟแสดงสถานะ","3","สวิตช์ PB25","1","PB25","ทนทาน","1","PB-25 PUSH BUTTON SWITCH","","-","ใช้สำหรับควบคุมอุตสาหกรรม","ติดตั้งในโรงงานอุตสาหกรรม","220-240VAM 1 เฟส"
"14","ปุ่มและไฟแสดงสถานะ","4","สวิตช์แสงแดด AS-15","1","AS-15","ทนทาน","1","AS-15 PHOTO SWITCH","","-","ใช้สำหรับควบคุมอุตสาหกรรม","ติดตั้งในโรงงานอุตสาหกรรม","3A, 6A, 10A, 16A, 25A"
"14","ปุ่มและไฟแสดงสถานะ","5","ไฟแสดงสถานะ CA-25","1","CA-25","ทนทาน","1","CA-25 PILOT LAMP LED","","-","ใช้สำหรับควบคุมอุตสาหกรรม","ติดตั้งในโรงงานอุตสาหกรรม","220-240VAM 1 เฟส"
"14","ปุ่มและไฟแสดงสถานะ","6","สวิตช์ SS25","1","SS25","ทนทาน","1","SS25 SELECTOR SWITCH","","-","ใช้สำหรับควบคุมอุตสาหกรรม","ติดตั้งในโรงงานอุตสาหกรรม","220-240VAM 1 เฟส 2 จังหวะ, 220-240VAM 1 เฟส 3 จังหวะ"
"15","สวิตซ์ปุ่มกด ON-OFF","1","สวิตซ์ปุ่มกด CPBS","1","CPBS","ทนทาน","1","CPBS-2315","","-","ใช้สำหรับควบคุมอุตสาหกรรม","ติดตั้งในโรงงานอุตสาหกรรม","220/280V 15A 2.2kW"
"15","สวิตซ์ปุ่มกด ON-OFF","1","สวิตซ์ปุ่มกด CPBS","1","CPBS","ทนทาน","2","CPBS-2330","","-","ใช้สำหรับควบคุมอุตสาหกรรม","ติดตั้งในโรงงานอุตสาหกรรม","220/280V 30A 3.7kW"
"15","สวิตซ์ปุ่มกด ON-OFF","1","สวิตซ์ปุ่มกด CPBS","1","CPBS","ทนทาน","3","CPBS-3315","","-","ใช้สำหรับควบคุมอุตสาหกรรม","ติดตั้งในโรงงานอุตสาหกรรม","220/280V 30A 3.7kW"
"16","ซีเล็คเตอร์สวิตซ์","1","ซีเล็คเตอร์สวิตซ์ LW28","1","LW28","ทนทาน","1","LW28-20/A","","-","ใช้สำหรับควบคุมอุตสาหกรรม","ติดตั้งในโรงงานอุตสาหกรรม","1M, 2M"
"16","ซีเล็คเตอร์สวิตซ์","1","ซีเล็คเตอร์สวิตซ์ LW28","1","LW28","ทนทาน","2","LW28-20/V","","-","ใช้สำหรับควบคุมอุตสาหกรรม","ติดตั้งในโรงงานอุตสาหกรรม","1M, 2M"
"18","สวิตซ์กับปลั๊ก","1","หน้ากาก","1","A-101","ทนทาน | ไม่ลามไฟ | น้ำหนักเบา | วัสดุโพลีคาร์บอเนต","1","A-101 Switch Plate White","โพลีคาร์บอเนต","-","ใช้ครอบสวิทช์ปลั๊ก","ติดตั้งบนกำแพง","A-101"
"18","สวิตซ์กับปลั๊ก","1","หน้ากาก","1","A-101","ทนทาน | ไม่ลามไฟ | น้ำหนักเบา | วัสดุโพลีคาร์บอเนต","2","A-101 Switch Plate Black","โพลีคาร์บอเนต","-","ใช้ครอบสวิทช์ปลั๊ก","ติดตั้งบนกำแพง","A-101"
"18","สวิตซ์กับปลั๊ก","1","หน้ากาก","2","A-102","ทนทาน | ไม่ลามไฟ | น้ำหนักเบา | วัสดุโพลีคาร์บอเนต","1","A-102 Switch Plate White","โพลีคาร์บอเนต","-","ใช้ครอบสวิทช์ปลั๊ก","ติดตั้งบนกำแพง","A-102"
"18","สวิตซ์กับปลั๊ก","1","หน้ากาก","2","A-102","ทนทาน | ไม่ลามไฟ | น้ำหนักเบา | วัสดุโพลีคาร์บอเนต","2","A-102 Switch Plate Black","โพลีคาร์บอเนต","-","ใช้ครอบสวิทช์ปลั๊ก","ติดตั้งบนกำแพง","A-102"
"18","สวิตซ์กับปลั๊ก","1","หน้ากาก","3","A-103","ทนทาน | ไม่ลามไฟ | น้ำหนักเบา | วัสดุโพลีคาร์บอเนต","1","A-103 Switch Plate White","โพลีคาร์บอเนต","-","ใช้ครอบสวิทช์ปลั๊ก","ติดตั้งบนกำแพง","A-103"
"18","สวิตซ์กับปลั๊ก","1","หน้ากาก","3","A-103","ทนทาน | ไม่ลามไฟ | น้ำหนักเบา | วัสดุโพลีคาร์บอเนต","2","A-103 Switch Plate Black","โพลีคาร์บอเนต","-","ใช้ครอบสวิทช์ปลั๊ก","ติดตั้งบนกำแพง","A-103"
"18","สวิตซ์กับปลั๊ก","1","หน้ากาก","4","A-104","ทนทาน | ไม่ลามไฟ | น้ำหนักเบา | วัสดุโพลีคาร์บอเนต","1","A-104 Switch Plate White","โพลีคาร์บอเนต","-","ใช้ครอบสวิทช์ปลั๊ก","ติดตั้งบนกำแพง","A-104"
"18","สวิตซ์กับปลั๊ก","1","หน้ากาก","4","A-104","ทนทาน | ไม่ลามไฟ | น้ำหนักเบา | วัสดุโพลีคาร์บอเนต","2","A-104 Switch Plate Black","โพลีคาร์บอเนต","-","ใช้ครอบสวิทช์ปลั๊ก","ติดตั้งบนกำแพง","A-104"
"18","สวิตซ์กับปลั๊ก","1","หน้ากาก","5","A-106","ทนทาน | ไม่ลามไฟ | น้ำหนักเบา | วัสดุโพลีคาร์บอเนต","1","A-106 Switch Plate White","","-","ใช้สำหรับควบคุมอุตสาหกรรม","ติดตั้งในโรงงานอุตสาหกรรม","A-106"
"18","สวิตซ์กับปลั๊ก","1","หน้ากาก","5","A-106","ทนทาน | ไม่ลามไฟ | น้ำหนักเบา | วัสดุโพลีคาร์บอเนต","2","A-106 Switch Plate Black","","-","ใช้สำหรับควบคุมอุตสาหกรรม","ติดตั้งในโรงงานอุตสาหกรรม","A-106"
"18","สวิตซ์กับปลั๊ก","1","หน้ากาก","6","A-1022","ทนทาน | ไม่ลามไฟ | น้ำหนักเบา | วัสดุโพลีคาร์บอเนต","1","A-1022 Switch Plate","โพลีคาร์บอเนต","-","ใช้ครอบสวิทช์ปลั๊ก","ติดตั้งบนกำแพง","A-1022"
"18","สวิตซ์กับปลั๊ก","1","หน้ากาก","7","GN2 2x4","ทนทาน | ไม่ลามไฟ | น้ำหนักเบา | วัสดุโพลีคาร์บอเนต","1","GN2 2x4 Surface Box White","โพลีคาร์บอเนต","120mm x 40mm x 70mm","ใช้ครอบสวิทช์ปลั๊ก","ติดตั้งบนกำแพง","GN2 2x4"
"18","สวิตซ์กับปลั๊ก","1","หน้ากาก","7","GN2 2x4","ทนทาน | ไม่ลามไฟ | น้ำหนักเบา | วัสดุโพลีคาร์บอเนต","2","GN2 2x4 Surface Box Black","โพลีคาร์บอเนต","120mm x 40mm x 70mm","ใช้ครอบสวิทช์ปลั๊ก","ติดตั้งบนกำแพง","GN2 2x4"
"18","สวิตซ์กับปลั๊ก","1","หน้ากาก","8","GN2 4x4","ทนทาน | ไม่ลามไฟ | น้ำหนักเบา | วัสดุโพลีคาร์บอเนต","1","GN2 4x4 Surface Box White","โพลีคาร์บอเนต","120mm x 40mm x 116mm","ใช้ครอบสวิทช์ปลั๊ก","ติดตั้งบนกำแพง","GN2 4x4"
"18","สวิตซ์กับปลั๊ก","1","หน้ากาก","8","GN2 4x4","ทนทาน | ไม่ลามไฟ | น้ำหนักเบา | วัสดุโพลีคาร์บอเนต","2","GN2 4x4 Surface Box Black","โพลีคาร์บอเนต","120mm x 40mm x 116mm","ใช้ครอบสวิทช์ปลั๊ก","ติดตั้งบนกำแพง","GN2 4x4"
"18","สวิตซ์กับปลั๊ก","2","สวิตซ์","1","CPS-111","ทนทาน | ไม่ลามไฟ | น้ำหนักเบา","1","CWS-111 One-way Switch White","","-","ใช้สำหรับเสียบปลั๊ก","ติดตั้งบนกำแพง","16A 1ช่อง"
"18","สวิตซ์กับปลั๊ก","2","สวิตซ์","1","CPS-111","ทนทาน | ไม่ลามไฟ | น้ำหนักเบา","2","CWS-111 One-way Switch Black","","-","ใช้สำหรับเสียบปลั๊ก","ติดตั้งบนกำแพง","16A 1ช่อง"
"18","สวิตซ์กับปลั๊ก","2","สวิตซ์","2","CPS-121","ทนทาน | ไม่ลามไฟ | น้ำหนักเบา","1","CWS-121 Two-way Switch White","","-","ใช้สำหรับเสียบปลั๊ก","ติดตั้งบนกำแพง","16A 1ช่อง"
"18","สวิตซ์กับปลั๊ก","2","สวิตซ์","2","CPS-121","ทนทาน | ไม่ลามไฟ | น้ำหนักเบา","2","CWS-121 Two-way Switch Black","","-","ใช้สำหรับเสียบปลั๊ก","ติดตั้งบนกำแพง","16A 1ช่อง"
"18","สวิตซ์กับปลั๊ก","2","สวิตซ์","3","BELL-1","ทนทาน | ไม่ลามไฟ | น้ำหนักเบา","1","Bell-1 Bell switch White","","-","ใช้สำหรับเชื่อมต่อกับกริ่ง","ติดตั้งบนกำแพง","16A 1ช่อง"
"18","สวิตซ์กับปลั๊ก","2","สวิตซ์","3","BELL-1","ทนทาน | ไม่ลามไฟ | น้ำหนักเบา","2","Bell-1 Bell switch Black","","-","ใช้สำหรับเชื่อมต่อกับกริ่ง","ติดตั้งบนกำแพง","16A 1ช่อง"
"18","สวิตซ์กับปลั๊ก","2","สวิตซ์","4","LAMP-1","ทนทาน | ไม่ลามไฟ | น้ำหนักเบา","1","LAMP-1 Dimmer Switch White","","22mm x 56mm x 43mm","ใช้สำหรับควบคุมหลอดไฟ","ติดตั้งบนกำแพง","500W 1 ช่อง"
"18","สวิตซ์กับปลั๊ก","2","สวิตซ์","4","LAMP-1","ทนทาน | ไม่ลามไฟ | น้ำหนักเบา","2","LAMP-1 Dimmer Switch Black","","22mm x 56mm x 43mm","ใช้สำหรับควบคุมหลอดไฟ","ติดตั้งบนกำแพง","500W 1 ช่อง"
"18","สวิตซ์กับปลั๊ก","2","สวิตซ์","5","FAN-1","ทนทาน | ไม่ลามไฟ | น้ำหนักเบา","1","FAN-1 Dimmer Switch Black","","22mm x 56mm x 43mm","ใช้สำหรับควบคุมพัดลม","ติดตั้งบนกำแพง","300W 1 ช่อง"
"18","สวิตซ์กับปลั๊ก","2","สวิตซ์","5","FAN-1","ทนทาน | ไม่ลามไฟ | น้ำหนักเบา","2","FAN-1 Dimmer Switch White","","22mm x 56mm x 43mm","ใช้สำหรับควบคุมพัดลม","ติดตั้งบนกำแพง","300W 1 ช่อง"
"18","สวิตซ์กับปลั๊ก","3","ปลั๊ก","1","CPS-116","ทนทาน | ไม่ลามไฟ | น้ำหนักเบา","1","CPS-116 Double Outlet White","","-","ใช้สำหรับเสียบปลั๊ก","ติดตั้งบนกำแพง","16A 3 ช่อง"
"18","สวิตซ์กับปลั๊ก","3","ปลั๊ก","1","CPS-116","ทนทาน | ไม่ลามไฟ | น้ำหนักเบา","2","CPS-116 Double Outlet Black","","-","ใช้สำหรับเสียบปลั๊ก","ติดตั้งบนกำแพง","16A 3 ช่อง"
"18","สวิตซ์กับปลั๊ก","3","ปลั๊ก","2","CPS-113","ทนทาน | ไม่ลามไฟ | น้ำหนักเบา","1","CPS-113 Single Outlet White","","-","ใช้สำหรับเสียบปลั๊ก","ติดตั้งบนกำแพง","16A 2 ช่อง"
"18","สวิตซ์กับปลั๊ก","3","ปลั๊ก","2","CPS-113","ทนทาน | ไม่ลามไฟ | น้ำหนักเบา","2","CPS-113 Single Outlet Black","","-","ใช้สำหรับเสียบปลั๊ก","ติดตั้งบนกำแพง","16A 2 ช่อง"
"18","สวิตซ์กับปลั๊ก","3","ปลั๊ก","3","CPS-126","ทนทาน | ไม่ลามไฟ | น้ำหนักเบา","1","CPS-126 Double Outlet (มีม่าน) White","","-","ใช้สำหรับเสียบปลั๊ก","ติดตั้งบนกำแพง","16A 3 ช่อง"
"18","สวิตซ์กับปลั๊ก","3","ปลั๊ก","3","CPS-126","ทนทาน | ไม่ลามไฟ | น้ำหนักเบา","2","CPS-126 Double Outlet (มีม่าน) Black","","-","ใช้สำหรับเสียบปลั๊ก","ติดตั้งบนกำแพง","16A 3 ช่อง"
"18","สวิตซ์กับปลั๊ก","3","ปลั๊ก","4","CPS-123","ทนทาน | ไม่ลามไฟ | น้ำหนักเบา","1","CPS-123 Single Outlet (มีม่าน) White","","-","ใช้สำหรับเสียบปลั๊ก","ติดตั้งบนกำแพง","16A 2 ช่อง"
"18","สวิตซ์กับปลั๊ก","3","ปลั๊ก","4","CPS-123","ทนทาน | ไม่ลามไฟ | น้ำหนักเบา","2","CPS-123 Single Outlet (มีม่าน) Black","","-","ใช้สำหรับเสียบปลั๊ก","ติดตั้งบนกำแพง","16A 2 ช่อง"
"18","สวิตซ์กับปลั๊ก","3","ปลั๊ก","5","USB2-1","ทนทาน | ไม่ลามไฟ | น้ำหนักเบา","1","USB2-1 USB Outlet White","","22m x 32mm x 50mm","ใช้สำหรับการเชื่อมต่อกับอุปกรณ์ต่างๆ","ติดตั้งบนกำแพง","5V, 2.4A 2 ช่อง"
"18","สวิตซ์กับปลั๊ก","3","ปลั๊ก","5","USB2-1","ทนทาน | ไม่ลามไฟ | น้ำหนักเบา","2","USB2-1 USB Outlet Black","","22m x 32mm x 50mm","ใช้สำหรับการเชื่อมต่อกับอุปกรณ์ต่างๆ","ติดตั้งบนกำแพง","5V, 2.4A 2 ช่อง"
"18","สวิตซ์กับปลั๊ก","3","ปลั๊ก","6","TV","ทนทาน | ไม่ลามไฟ | น้ำหนักเบา","1","TV-1 TV Socket","","22mm x 30mm x 43mm","ใช้สำหรับการเชื่อมต่อกับอุปกรณ์ต่างๆ","ติดตั้งบนกำแพง","TV 1 ช่อง"
"18","สวิตซ์กับปลั๊ก","3","ปลั๊ก","7","TEL-1","ทนทาน | ไม่ลามไฟ | น้ำหนักเบา","1","TEL-1 Telephone Socket White","","22mm x 42mm x42mm","ใช้สำหรับการเชื่อมต่อกับอุปกรณ์ต่างๆ","ติดตั้งบนกำแพง","TEL 1 ช่อง"
"18","สวิตซ์กับปลั๊ก","3","ปลั๊ก","7","TEL-1","ทนทาน | ไม่ลามไฟ | น้ำหนักเบา","2","TEL-1 Telephone Socket Black","","22mm x 42mm x42mm","ใช้สำหรับการเชื่อมต่อกับอุปกรณ์ต่างๆ","ติดตั้งบนกำแพง","TEL 1 ช่อง"
"18","สวิตซ์กับปลั๊ก","3","ปลั๊ก","8","LAN-1","ทนทาน | ไม่ลามไฟ | น้ำหนักเบา","1","LAN-1 Computer Connector","","22mm x 42mm x42mm","ใช้สำหรับการเชื่อมต่อกับอุปกรณ์ต่างๆ","ติดตั้งบนกำแพง","LAN 1 ช่อง"